"LOCATION","INDICATOR","SUBJECT","MEASURE","FREQUENCY","TIME","Value","Flag Codes"
"AUS","TAXPROPERTY","TOT","PC_TOT_TAX","A","1965",11.465,
"AUS","TAXPROPERTY","TOT","PC_TOT_TAX","A","1966",11.839,
"AUS","TAXPROPERTY","TOT","PC_TOT_TAX","A","1967",12.013,
"AUS","TAXPROPERTY","TOT","PC_TOT_TAX","A","1968",12.145,
"AUS","TAXPROPERTY","TOT","PC_TOT_TAX","A","1969",11.82,
"AUS","TAXPROPERTY","TOT","PC_TOT_TAX","A","1970",10.98,
"AUS","TAXPROPERTY","TOT","PC_TOT_TAX","A","1971",10.144,
"AUS","TAXPROPERTY","TOT","PC_TOT_TAX","A","1972",10.854,
"AUS","TAXPROPERTY","TOT","PC_TOT_TAX","A","1973",9.853,
"AUS","TAXPROPERTY","TOT","PC_TOT_TAX","A","1974",8.459,
"AUS","TAXPROPERTY","TOT","PC_TOT_TAX","A","1975",8.849,
"AUS","TAXPROPERTY","TOT","PC_TOT_TAX","A","1976",8.761,
"AUS","TAXPROPERTY","TOT","PC_TOT_TAX","A","1977",8.579,
"AUS","TAXPROPERTY","TOT","PC_TOT_TAX","A","1978",8.402,
"AUS","TAXPROPERTY","TOT","PC_TOT_TAX","A","1979",8.046,
"AUS","TAXPROPERTY","TOT","PC_TOT_TAX","A","1980",7.786,
"AUS","TAXPROPERTY","TOT","PC_TOT_TAX","A","1981",7.274,
"AUS","TAXPROPERTY","TOT","PC_TOT_TAX","A","1982",7.238,
"AUS","TAXPROPERTY","TOT","PC_TOT_TAX","A","1983",7.919,
"AUS","TAXPROPERTY","TOT","PC_TOT_TAX","A","1984",7.765,
"AUS","TAXPROPERTY","TOT","PC_TOT_TAX","A","1985",7.831,
"AUS","TAXPROPERTY","TOT","PC_TOT_TAX","A","1986",8.071,
"AUS","TAXPROPERTY","TOT","PC_TOT_TAX","A","1987",9.153,
"AUS","TAXPROPERTY","TOT","PC_TOT_TAX","A","1988",9.697,
"AUS","TAXPROPERTY","TOT","PC_TOT_TAX","A","1989",8.831,
"AUS","TAXPROPERTY","TOT","PC_TOT_TAX","A","1990",8.95,
"AUS","TAXPROPERTY","TOT","PC_TOT_TAX","A","1991",9.775,
"AUS","TAXPROPERTY","TOT","PC_TOT_TAX","A","1992",10.005,
"AUS","TAXPROPERTY","TOT","PC_TOT_TAX","A","1993",10.275,
"AUS","TAXPROPERTY","TOT","PC_TOT_TAX","A","1994",9.288,
"AUS","TAXPROPERTY","TOT","PC_TOT_TAX","A","1995",8.799,
"AUS","TAXPROPERTY","TOT","PC_TOT_TAX","A","1996",8.989,
"AUS","TAXPROPERTY","TOT","PC_TOT_TAX","A","1997",9.197,
"AUS","TAXPROPERTY","TOT","PC_TOT_TAX","A","1998",9.001,
"AUS","TAXPROPERTY","TOT","PC_TOT_TAX","A","1999",9.202,
"AUS","TAXPROPERTY","TOT","PC_TOT_TAX","A","2000",8.766,
"AUS","TAXPROPERTY","TOT","PC_TOT_TAX","A","2001",8.802,
"AUS","TAXPROPERTY","TOT","PC_TOT_TAX","A","2002",8.973,
"AUS","TAXPROPERTY","TOT","PC_TOT_TAX","A","2003",9.455,
"AUS","TAXPROPERTY","TOT","PC_TOT_TAX","A","2004",8.691,
"AUS","TAXPROPERTY","TOT","PC_TOT_TAX","A","2005",8.598,
"AUS","TAXPROPERTY","TOT","PC_TOT_TAX","A","2006",9.181,
"AUS","TAXPROPERTY","TOT","PC_TOT_TAX","A","2007",8.965,
"AUS","TAXPROPERTY","TOT","PC_TOT_TAX","A","2008",8.262,
"AUS","TAXPROPERTY","TOT","PC_TOT_TAX","A","2009",9.61,
"AUS","TAXPROPERTY","TOT","PC_TOT_TAX","A","2010",9.366,
"AUS","TAXPROPERTY","TOT","PC_TOT_TAX","A","2011",8.659,
"AUS","TAXPROPERTY","TOT","PC_TOT_TAX","A","2012",8.718,
"AUS","TAXPROPERTY","TOT","PC_TOT_TAX","A","2013",9.453,
"AUS","TAXPROPERTY","TOT","PC_TOT_TAX","A","2014",10.223,
"AUS","TAXPROPERTY","TOT","PC_TOT_TAX","A","2015",10.713,
"AUS","TAXPROPERTY","TOT","PC_TOT_TAX","A","2016",10.796,
"AUS","TAXPROPERTY","TOT","PC_TOT_TAX","A","2017",10.344,
"AUT","TAXPROPERTY","TOT","PC_TOT_TAX","A","1965",3.968,
"AUT","TAXPROPERTY","TOT","PC_TOT_TAX","A","1966",3.925,
"AUT","TAXPROPERTY","TOT","PC_TOT_TAX","A","1967",3.968,
"AUT","TAXPROPERTY","TOT","PC_TOT_TAX","A","1968",3.859,
"AUT","TAXPROPERTY","TOT","PC_TOT_TAX","A","1969",3.959,
"AUT","TAXPROPERTY","TOT","PC_TOT_TAX","A","1970",3.737,
"AUT","TAXPROPERTY","TOT","PC_TOT_TAX","A","1971",3.485,
"AUT","TAXPROPERTY","TOT","PC_TOT_TAX","A","1972",3.235,
"AUT","TAXPROPERTY","TOT","PC_TOT_TAX","A","1973",3.032,
"AUT","TAXPROPERTY","TOT","PC_TOT_TAX","A","1974",2.812,
"AUT","TAXPROPERTY","TOT","PC_TOT_TAX","A","1975",3.102,
"AUT","TAXPROPERTY","TOT","PC_TOT_TAX","A","1976",3.121,
"AUT","TAXPROPERTY","TOT","PC_TOT_TAX","A","1977",2.964,
"AUT","TAXPROPERTY","TOT","PC_TOT_TAX","A","1978",3.041,
"AUT","TAXPROPERTY","TOT","PC_TOT_TAX","A","1979",2.982,
"AUT","TAXPROPERTY","TOT","PC_TOT_TAX","A","1980",2.884,
"AUT","TAXPROPERTY","TOT","PC_TOT_TAX","A","1981",2.859,
"AUT","TAXPROPERTY","TOT","PC_TOT_TAX","A","1982",2.746,
"AUT","TAXPROPERTY","TOT","PC_TOT_TAX","A","1983",2.781,
"AUT","TAXPROPERTY","TOT","PC_TOT_TAX","A","1984",2.622,
"AUT","TAXPROPERTY","TOT","PC_TOT_TAX","A","1985",2.443,
"AUT","TAXPROPERTY","TOT","PC_TOT_TAX","A","1986",2.364,
"AUT","TAXPROPERTY","TOT","PC_TOT_TAX","A","1987",2.252,
"AUT","TAXPROPERTY","TOT","PC_TOT_TAX","A","1988",2.563,
"AUT","TAXPROPERTY","TOT","PC_TOT_TAX","A","1989",2.658,
"AUT","TAXPROPERTY","TOT","PC_TOT_TAX","A","1990",2.726,
"AUT","TAXPROPERTY","TOT","PC_TOT_TAX","A","1991",2.74,
"AUT","TAXPROPERTY","TOT","PC_TOT_TAX","A","1992",2.708,
"AUT","TAXPROPERTY","TOT","PC_TOT_TAX","A","1993",2.598,
"AUT","TAXPROPERTY","TOT","PC_TOT_TAX","A","1994",1.568,
"AUT","TAXPROPERTY","TOT","PC_TOT_TAX","A","1995",1.483,
"AUT","TAXPROPERTY","TOT","PC_TOT_TAX","A","1996",1.422,
"AUT","TAXPROPERTY","TOT","PC_TOT_TAX","A","1997",1.327,
"AUT","TAXPROPERTY","TOT","PC_TOT_TAX","A","1998",1.316,
"AUT","TAXPROPERTY","TOT","PC_TOT_TAX","A","1999",1.329,
"AUT","TAXPROPERTY","TOT","PC_TOT_TAX","A","2000",1.336,
"AUT","TAXPROPERTY","TOT","PC_TOT_TAX","A","2001",1.3,
"AUT","TAXPROPERTY","TOT","PC_TOT_TAX","A","2002",1.246,
"AUT","TAXPROPERTY","TOT","PC_TOT_TAX","A","2003",1.284,
"AUT","TAXPROPERTY","TOT","PC_TOT_TAX","A","2004",1.287,
"AUT","TAXPROPERTY","TOT","PC_TOT_TAX","A","2005",1.32,
"AUT","TAXPROPERTY","TOT","PC_TOT_TAX","A","2006",1.395,
"AUT","TAXPROPERTY","TOT","PC_TOT_TAX","A","2007",1.365,
"AUT","TAXPROPERTY","TOT","PC_TOT_TAX","A","2008",1.262,
"AUT","TAXPROPERTY","TOT","PC_TOT_TAX","A","2009",1.28,
"AUT","TAXPROPERTY","TOT","PC_TOT_TAX","A","2010",1.283,
"AUT","TAXPROPERTY","TOT","PC_TOT_TAX","A","2011",1.236,
"AUT","TAXPROPERTY","TOT","PC_TOT_TAX","A","2012",1.326,
"AUT","TAXPROPERTY","TOT","PC_TOT_TAX","A","2013",1.695,
"AUT","TAXPROPERTY","TOT","PC_TOT_TAX","A","2014",1.399,
"AUT","TAXPROPERTY","TOT","PC_TOT_TAX","A","2015",1.326,
"AUT","TAXPROPERTY","TOT","PC_TOT_TAX","A","2016",1.308,
"AUT","TAXPROPERTY","TOT","PC_TOT_TAX","A","2017",1.256,
"AUT","TAXPROPERTY","TOT","PC_TOT_TAX","A","2018",1.292,
"BEL","TAXPROPERTY","TOT","PC_TOT_TAX","A","1965",3.737,
"BEL","TAXPROPERTY","TOT","PC_TOT_TAX","A","1966",3.513,
"BEL","TAXPROPERTY","TOT","PC_TOT_TAX","A","1967",3.237,
"BEL","TAXPROPERTY","TOT","PC_TOT_TAX","A","1968",3.703,
"BEL","TAXPROPERTY","TOT","PC_TOT_TAX","A","1969",3.538,
"BEL","TAXPROPERTY","TOT","PC_TOT_TAX","A","1970",15.018,
"BEL","TAXPROPERTY","TOT","PC_TOT_TAX","A","1971",3.746,
"BEL","TAXPROPERTY","TOT","PC_TOT_TAX","A","1972",3.805,
"BEL","TAXPROPERTY","TOT","PC_TOT_TAX","A","1973",3.892,
"BEL","TAXPROPERTY","TOT","PC_TOT_TAX","A","1974",3.558,
"BEL","TAXPROPERTY","TOT","PC_TOT_TAX","A","1975",3.162,
"BEL","TAXPROPERTY","TOT","PC_TOT_TAX","A","1976",3.309,
"BEL","TAXPROPERTY","TOT","PC_TOT_TAX","A","1977",3.407,
"BEL","TAXPROPERTY","TOT","PC_TOT_TAX","A","1978",3.514,
"BEL","TAXPROPERTY","TOT","PC_TOT_TAX","A","1979",3.637,
"BEL","TAXPROPERTY","TOT","PC_TOT_TAX","A","1980",3.1,
"BEL","TAXPROPERTY","TOT","PC_TOT_TAX","A","1981",2.915,
"BEL","TAXPROPERTY","TOT","PC_TOT_TAX","A","1982",2.773,
"BEL","TAXPROPERTY","TOT","PC_TOT_TAX","A","1983",2.885,
"BEL","TAXPROPERTY","TOT","PC_TOT_TAX","A","1984",2.883,
"BEL","TAXPROPERTY","TOT","PC_TOT_TAX","A","1985",2.786,
"BEL","TAXPROPERTY","TOT","PC_TOT_TAX","A","1986",2.971,
"BEL","TAXPROPERTY","TOT","PC_TOT_TAX","A","1987",3.173,
"BEL","TAXPROPERTY","TOT","PC_TOT_TAX","A","1988",3.42,
"BEL","TAXPROPERTY","TOT","PC_TOT_TAX","A","1989",3.876,
"BEL","TAXPROPERTY","TOT","PC_TOT_TAX","A","1990",3.805,
"BEL","TAXPROPERTY","TOT","PC_TOT_TAX","A","1991",3.699,
"BEL","TAXPROPERTY","TOT","PC_TOT_TAX","A","1992",3.709,
"BEL","TAXPROPERTY","TOT","PC_TOT_TAX","A","1993",3.953,
"BEL","TAXPROPERTY","TOT","PC_TOT_TAX","A","1994",4.028,
"BEL","TAXPROPERTY","TOT","PC_TOT_TAX","A","1995",3.82,
"BEL","TAXPROPERTY","TOT","PC_TOT_TAX","A","1996",4.109,
"BEL","TAXPROPERTY","TOT","PC_TOT_TAX","A","1997",4.39,
"BEL","TAXPROPERTY","TOT","PC_TOT_TAX","A","1998",4.667,
"BEL","TAXPROPERTY","TOT","PC_TOT_TAX","A","1999",4.661,
"BEL","TAXPROPERTY","TOT","PC_TOT_TAX","A","2000",4.698,
"BEL","TAXPROPERTY","TOT","PC_TOT_TAX","A","2001",4.539,
"BEL","TAXPROPERTY","TOT","PC_TOT_TAX","A","2002",4.49,
"BEL","TAXPROPERTY","TOT","PC_TOT_TAX","A","2003",4.715,
"BEL","TAXPROPERTY","TOT","PC_TOT_TAX","A","2004",5.244,
"BEL","TAXPROPERTY","TOT","PC_TOT_TAX","A","2005",6.972,
"BEL","TAXPROPERTY","TOT","PC_TOT_TAX","A","2006",7.283,
"BEL","TAXPROPERTY","TOT","PC_TOT_TAX","A","2007",7.164,
"BEL","TAXPROPERTY","TOT","PC_TOT_TAX","A","2008",7.029,
"BEL","TAXPROPERTY","TOT","PC_TOT_TAX","A","2009",6.934,
"BEL","TAXPROPERTY","TOT","PC_TOT_TAX","A","2010",7.231,
"BEL","TAXPROPERTY","TOT","PC_TOT_TAX","A","2011",7.299,
"BEL","TAXPROPERTY","TOT","PC_TOT_TAX","A","2012",7.388,
"BEL","TAXPROPERTY","TOT","PC_TOT_TAX","A","2013",7.801,
"BEL","TAXPROPERTY","TOT","PC_TOT_TAX","A","2014",7.906,
"BEL","TAXPROPERTY","TOT","PC_TOT_TAX","A","2015",7.835,
"BEL","TAXPROPERTY","TOT","PC_TOT_TAX","A","2016",7.973,
"BEL","TAXPROPERTY","TOT","PC_TOT_TAX","A","2017",7.883,
"BEL","TAXPROPERTY","TOT","PC_TOT_TAX","A","2018",7.834,
"CAN","TAXPROPERTY","TOT","PC_TOT_TAX","A","1965",14.271,
"CAN","TAXPROPERTY","TOT","PC_TOT_TAX","A","1966",13.66,
"CAN","TAXPROPERTY","TOT","PC_TOT_TAX","A","1967",13.399,
"CAN","TAXPROPERTY","TOT","PC_TOT_TAX","A","1968",13.31,
"CAN","TAXPROPERTY","TOT","PC_TOT_TAX","A","1969",12.478,
"CAN","TAXPROPERTY","TOT","PC_TOT_TAX","A","1970",12.771,
"CAN","TAXPROPERTY","TOT","PC_TOT_TAX","A","1971",12.412,
"CAN","TAXPROPERTY","TOT","PC_TOT_TAX","A","1972",11.532,
"CAN","TAXPROPERTY","TOT","PC_TOT_TAX","A","1973",10.441,
"CAN","TAXPROPERTY","TOT","PC_TOT_TAX","A","1974",9.13,
"CAN","TAXPROPERTY","TOT","PC_TOT_TAX","A","1975",9.472,
"CAN","TAXPROPERTY","TOT","PC_TOT_TAX","A","1976",10.017,
"CAN","TAXPROPERTY","TOT","PC_TOT_TAX","A","1977",10.532,
"CAN","TAXPROPERTY","TOT","PC_TOT_TAX","A","1978",10.337,
"CAN","TAXPROPERTY","TOT","PC_TOT_TAX","A","1979",9.453,
"CAN","TAXPROPERTY","TOT","PC_TOT_TAX","A","1980",9.103,
"CAN","TAXPROPERTY","TOT","PC_TOT_TAX","A","1981",8.682,
"CAN","TAXPROPERTY","TOT","PC_TOT_TAX","A","1982",9.238,
"CAN","TAXPROPERTY","TOT","PC_TOT_TAX","A","1983",9.735,
"CAN","TAXPROPERTY","TOT","PC_TOT_TAX","A","1984",9.577,
"CAN","TAXPROPERTY","TOT","PC_TOT_TAX","A","1985",9.331,
"CAN","TAXPROPERTY","TOT","PC_TOT_TAX","A","1986",9.366,
"CAN","TAXPROPERTY","TOT","PC_TOT_TAX","A","1987",8.833,
"CAN","TAXPROPERTY","TOT","PC_TOT_TAX","A","1988",9.664,
"CAN","TAXPROPERTY","TOT","PC_TOT_TAX","A","1989",9.815,
"CAN","TAXPROPERTY","TOT","PC_TOT_TAX","A","1990",10.021,
"CAN","TAXPROPERTY","TOT","PC_TOT_TAX","A","1991",10.451,
"CAN","TAXPROPERTY","TOT","PC_TOT_TAX","A","1992",11.124,
"CAN","TAXPROPERTY","TOT","PC_TOT_TAX","A","1993",11.252,
"CAN","TAXPROPERTY","TOT","PC_TOT_TAX","A","1994",11.047,
"CAN","TAXPROPERTY","TOT","PC_TOT_TAX","A","1995",10.662,
"CAN","TAXPROPERTY","TOT","PC_TOT_TAX","A","1996",10.525,
"CAN","TAXPROPERTY","TOT","PC_TOT_TAX","A","1997",10.254,
"CAN","TAXPROPERTY","TOT","PC_TOT_TAX","A","1998",10.378,
"CAN","TAXPROPERTY","TOT","PC_TOT_TAX","A","1999",10.06,
"CAN","TAXPROPERTY","TOT","PC_TOT_TAX","A","2000",9.522,
"CAN","TAXPROPERTY","TOT","PC_TOT_TAX","A","2001",10.749,
"CAN","TAXPROPERTY","TOT","PC_TOT_TAX","A","2002",10.818,
"CAN","TAXPROPERTY","TOT","PC_TOT_TAX","A","2003",10.818,
"CAN","TAXPROPERTY","TOT","PC_TOT_TAX","A","2004",10.795,
"CAN","TAXPROPERTY","TOT","PC_TOT_TAX","A","2005",10.724,
"CAN","TAXPROPERTY","TOT","PC_TOT_TAX","A","2006",10.589,
"CAN","TAXPROPERTY","TOT","PC_TOT_TAX","A","2007",10.632,
"CAN","TAXPROPERTY","TOT","PC_TOT_TAX","A","2008",11.516,
"CAN","TAXPROPERTY","TOT","PC_TOT_TAX","A","2009",12.152,
"CAN","TAXPROPERTY","TOT","PC_TOT_TAX","A","2010",12.338,
"CAN","TAXPROPERTY","TOT","PC_TOT_TAX","A","2011",11.971,
"CAN","TAXPROPERTY","TOT","PC_TOT_TAX","A","2012",11.883,
"CAN","TAXPROPERTY","TOT","PC_TOT_TAX","A","2013",11.896,
"CAN","TAXPROPERTY","TOT","PC_TOT_TAX","A","2014",11.749,
"CAN","TAXPROPERTY","TOT","PC_TOT_TAX","A","2015",11.906,
"CAN","TAXPROPERTY","TOT","PC_TOT_TAX","A","2016",12.066,
"CAN","TAXPROPERTY","TOT","PC_TOT_TAX","A","2017",11.957,
"CAN","TAXPROPERTY","TOT","PC_TOT_TAX","A","2018",11.727,
"CZE","TAXPROPERTY","TOT","PC_TOT_TAX","A","1993",1.057,
"CZE","TAXPROPERTY","TOT","PC_TOT_TAX","A","1994",1.235,
"CZE","TAXPROPERTY","TOT","PC_TOT_TAX","A","1995",1.386,
"CZE","TAXPROPERTY","TOT","PC_TOT_TAX","A","1996",1.477,
"CZE","TAXPROPERTY","TOT","PC_TOT_TAX","A","1997",1.548,
"CZE","TAXPROPERTY","TOT","PC_TOT_TAX","A","1998",1.574,
"CZE","TAXPROPERTY","TOT","PC_TOT_TAX","A","1999",1.373,
"CZE","TAXPROPERTY","TOT","PC_TOT_TAX","A","2000",1.411,
"CZE","TAXPROPERTY","TOT","PC_TOT_TAX","A","2001",1.483,
"CZE","TAXPROPERTY","TOT","PC_TOT_TAX","A","2002",1.441,
"CZE","TAXPROPERTY","TOT","PC_TOT_TAX","A","2003",1.403,
"CZE","TAXPROPERTY","TOT","PC_TOT_TAX","A","2004",1.098,
"CZE","TAXPROPERTY","TOT","PC_TOT_TAX","A","2005",1.159,
"CZE","TAXPROPERTY","TOT","PC_TOT_TAX","A","2006",1.177,
"CZE","TAXPROPERTY","TOT","PC_TOT_TAX","A","2007",1.179,
"CZE","TAXPROPERTY","TOT","PC_TOT_TAX","A","2008",1.13,
"CZE","TAXPROPERTY","TOT","PC_TOT_TAX","A","2009",1.11,
"CZE","TAXPROPERTY","TOT","PC_TOT_TAX","A","2010",1.272,
"CZE","TAXPROPERTY","TOT","PC_TOT_TAX","A","2011",1.524,
"CZE","TAXPROPERTY","TOT","PC_TOT_TAX","A","2012",1.503,
"CZE","TAXPROPERTY","TOT","PC_TOT_TAX","A","2013",1.376,
"CZE","TAXPROPERTY","TOT","PC_TOT_TAX","A","2014",1.368,
"CZE","TAXPROPERTY","TOT","PC_TOT_TAX","A","2015",1.43,
"CZE","TAXPROPERTY","TOT","PC_TOT_TAX","A","2016",1.435,
"CZE","TAXPROPERTY","TOT","PC_TOT_TAX","A","2017",1.355,
"CZE","TAXPROPERTY","TOT","PC_TOT_TAX","A","2018",1.31,
"DNK","TAXPROPERTY","TOT","PC_TOT_TAX","A","1965",8.123,
"DNK","TAXPROPERTY","TOT","PC_TOT_TAX","A","1966",8.263,
"DNK","TAXPROPERTY","TOT","PC_TOT_TAX","A","1967",8.18,
"DNK","TAXPROPERTY","TOT","PC_TOT_TAX","A","1968",6.812,
"DNK","TAXPROPERTY","TOT","PC_TOT_TAX","A","1969",6.161,
"DNK","TAXPROPERTY","TOT","PC_TOT_TAX","A","1970",6.045,
"DNK","TAXPROPERTY","TOT","PC_TOT_TAX","A","1971",5.729,
"DNK","TAXPROPERTY","TOT","PC_TOT_TAX","A","1972",5.83,
"DNK","TAXPROPERTY","TOT","PC_TOT_TAX","A","1973",6.233,
"DNK","TAXPROPERTY","TOT","PC_TOT_TAX","A","1974",5.922,
"DNK","TAXPROPERTY","TOT","PC_TOT_TAX","A","1975",6.14,
"DNK","TAXPROPERTY","TOT","PC_TOT_TAX","A","1976",5.565,
"DNK","TAXPROPERTY","TOT","PC_TOT_TAX","A","1977",5.961,
"DNK","TAXPROPERTY","TOT","PC_TOT_TAX","A","1978",6.247,
"DNK","TAXPROPERTY","TOT","PC_TOT_TAX","A","1979",6.091,
"DNK","TAXPROPERTY","TOT","PC_TOT_TAX","A","1980",5.895,
"DNK","TAXPROPERTY","TOT","PC_TOT_TAX","A","1981",5.146,
"DNK","TAXPROPERTY","TOT","PC_TOT_TAX","A","1982",4.597,
"DNK","TAXPROPERTY","TOT","PC_TOT_TAX","A","1983",5.479,
"DNK","TAXPROPERTY","TOT","PC_TOT_TAX","A","1984",4.18,
"DNK","TAXPROPERTY","TOT","PC_TOT_TAX","A","1985",4.347,
"DNK","TAXPROPERTY","TOT","PC_TOT_TAX","A","1986",4.768,
"DNK","TAXPROPERTY","TOT","PC_TOT_TAX","A","1987",5.216,
"DNK","TAXPROPERTY","TOT","PC_TOT_TAX","A","1988",4.791,
"DNK","TAXPROPERTY","TOT","PC_TOT_TAX","A","1989",4.484,
"DNK","TAXPROPERTY","TOT","PC_TOT_TAX","A","1990",4.256,
"DNK","TAXPROPERTY","TOT","PC_TOT_TAX","A","1991",3.837,
"DNK","TAXPROPERTY","TOT","PC_TOT_TAX","A","1992",4.09,
"DNK","TAXPROPERTY","TOT","PC_TOT_TAX","A","1993",4.261,
"DNK","TAXPROPERTY","TOT","PC_TOT_TAX","A","1994",3.842,
"DNK","TAXPROPERTY","TOT","PC_TOT_TAX","A","1995",3.559,
"DNK","TAXPROPERTY","TOT","PC_TOT_TAX","A","1996",3.411,
"DNK","TAXPROPERTY","TOT","PC_TOT_TAX","A","1997",3.46,
"DNK","TAXPROPERTY","TOT","PC_TOT_TAX","A","1998",3.719,
"DNK","TAXPROPERTY","TOT","PC_TOT_TAX","A","1999",3.68,
"DNK","TAXPROPERTY","TOT","PC_TOT_TAX","A","2000",3.324,
"DNK","TAXPROPERTY","TOT","PC_TOT_TAX","A","2001",3.539,
"DNK","TAXPROPERTY","TOT","PC_TOT_TAX","A","2002",3.687,
"DNK","TAXPROPERTY","TOT","PC_TOT_TAX","A","2003",3.882,
"DNK","TAXPROPERTY","TOT","PC_TOT_TAX","A","2004",3.852,
"DNK","TAXPROPERTY","TOT","PC_TOT_TAX","A","2005",3.831,
"DNK","TAXPROPERTY","TOT","PC_TOT_TAX","A","2006",3.925,
"DNK","TAXPROPERTY","TOT","PC_TOT_TAX","A","2007",3.896,
"DNK","TAXPROPERTY","TOT","PC_TOT_TAX","A","2008",4.248,
"DNK","TAXPROPERTY","TOT","PC_TOT_TAX","A","2009",4.048,
"DNK","TAXPROPERTY","TOT","PC_TOT_TAX","A","2010",4.12,
"DNK","TAXPROPERTY","TOT","PC_TOT_TAX","A","2011",4.2,
"DNK","TAXPROPERTY","TOT","PC_TOT_TAX","A","2012",3.899,
"DNK","TAXPROPERTY","TOT","PC_TOT_TAX","A","2013",3.884,
"DNK","TAXPROPERTY","TOT","PC_TOT_TAX","A","2014",3.705,
"DNK","TAXPROPERTY","TOT","PC_TOT_TAX","A","2015",4.092,
"DNK","TAXPROPERTY","TOT","PC_TOT_TAX","A","2016",3.992,
"DNK","TAXPROPERTY","TOT","PC_TOT_TAX","A","2017",3.908,
"DNK","TAXPROPERTY","TOT","PC_TOT_TAX","A","2018",4.092,
"FIN","TAXPROPERTY","TOT","PC_TOT_TAX","A","1965",3.965,
"FIN","TAXPROPERTY","TOT","PC_TOT_TAX","A","1966",3.818,
"FIN","TAXPROPERTY","TOT","PC_TOT_TAX","A","1967",3.554,
"FIN","TAXPROPERTY","TOT","PC_TOT_TAX","A","1968",2.502,
"FIN","TAXPROPERTY","TOT","PC_TOT_TAX","A","1969",2.286,
"FIN","TAXPROPERTY","TOT","PC_TOT_TAX","A","1970",2.225,
"FIN","TAXPROPERTY","TOT","PC_TOT_TAX","A","1971",2.025,
"FIN","TAXPROPERTY","TOT","PC_TOT_TAX","A","1972",2.042,
"FIN","TAXPROPERTY","TOT","PC_TOT_TAX","A","1973",2.166,
"FIN","TAXPROPERTY","TOT","PC_TOT_TAX","A","1974",2.198,
"FIN","TAXPROPERTY","TOT","PC_TOT_TAX","A","1975",1.933,
"FIN","TAXPROPERTY","TOT","PC_TOT_TAX","A","1976",2.965,
"FIN","TAXPROPERTY","TOT","PC_TOT_TAX","A","1977",2.175,
"FIN","TAXPROPERTY","TOT","PC_TOT_TAX","A","1978",2.144,
"FIN","TAXPROPERTY","TOT","PC_TOT_TAX","A","1979",2.045,
"FIN","TAXPROPERTY","TOT","PC_TOT_TAX","A","1980",1.855,
"FIN","TAXPROPERTY","TOT","PC_TOT_TAX","A","1981",1.925,
"FIN","TAXPROPERTY","TOT","PC_TOT_TAX","A","1982",2.182,
"FIN","TAXPROPERTY","TOT","PC_TOT_TAX","A","1983",2.383,
"FIN","TAXPROPERTY","TOT","PC_TOT_TAX","A","1984",2.59,
"FIN","TAXPROPERTY","TOT","PC_TOT_TAX","A","1985",2.723,
"FIN","TAXPROPERTY","TOT","PC_TOT_TAX","A","1986",2.83,
"FIN","TAXPROPERTY","TOT","PC_TOT_TAX","A","1987",2.89,
"FIN","TAXPROPERTY","TOT","PC_TOT_TAX","A","1988",3.279,
"FIN","TAXPROPERTY","TOT","PC_TOT_TAX","A","1989",3.226,
"FIN","TAXPROPERTY","TOT","PC_TOT_TAX","A","1990",2.448,
"FIN","TAXPROPERTY","TOT","PC_TOT_TAX","A","1991",2.252,
"FIN","TAXPROPERTY","TOT","PC_TOT_TAX","A","1992",2.19,
"FIN","TAXPROPERTY","TOT","PC_TOT_TAX","A","1993",2.684,
"FIN","TAXPROPERTY","TOT","PC_TOT_TAX","A","1994",2.449,
"FIN","TAXPROPERTY","TOT","PC_TOT_TAX","A","1995",2.223,
"FIN","TAXPROPERTY","TOT","PC_TOT_TAX","A","1996",2.255,
"FIN","TAXPROPERTY","TOT","PC_TOT_TAX","A","1997",2.326,
"FIN","TAXPROPERTY","TOT","PC_TOT_TAX","A","1998",2.392,
"FIN","TAXPROPERTY","TOT","PC_TOT_TAX","A","1999",2.381,
"FIN","TAXPROPERTY","TOT","PC_TOT_TAX","A","2000",2.432,
"FIN","TAXPROPERTY","TOT","PC_TOT_TAX","A","2001",2.325,
"FIN","TAXPROPERTY","TOT","PC_TOT_TAX","A","2002",2.397,
"FIN","TAXPROPERTY","TOT","PC_TOT_TAX","A","2003",2.347,
"FIN","TAXPROPERTY","TOT","PC_TOT_TAX","A","2004",2.568,
"FIN","TAXPROPERTY","TOT","PC_TOT_TAX","A","2005",2.736,
"FIN","TAXPROPERTY","TOT","PC_TOT_TAX","A","2006",2.527,
"FIN","TAXPROPERTY","TOT","PC_TOT_TAX","A","2007",2.598,
"FIN","TAXPROPERTY","TOT","PC_TOT_TAX","A","2008",2.566,
"FIN","TAXPROPERTY","TOT","PC_TOT_TAX","A","2009",2.568,
"FIN","TAXPROPERTY","TOT","PC_TOT_TAX","A","2010",2.735,
"FIN","TAXPROPERTY","TOT","PC_TOT_TAX","A","2011",2.584,
"FIN","TAXPROPERTY","TOT","PC_TOT_TAX","A","2012",2.769,
"FIN","TAXPROPERTY","TOT","PC_TOT_TAX","A","2013",2.93,
"FIN","TAXPROPERTY","TOT","PC_TOT_TAX","A","2014",3.02,
"FIN","TAXPROPERTY","TOT","PC_TOT_TAX","A","2015",3.277,
"FIN","TAXPROPERTY","TOT","PC_TOT_TAX","A","2016",3.223,
"FIN","TAXPROPERTY","TOT","PC_TOT_TAX","A","2017",3.567,
"FIN","TAXPROPERTY","TOT","PC_TOT_TAX","A","2018",3.382,
"FRA","TAXPROPERTY","TOT","PC_TOT_TAX","A","1965",4.288,
"FRA","TAXPROPERTY","TOT","PC_TOT_TAX","A","1966",4.045,
"FRA","TAXPROPERTY","TOT","PC_TOT_TAX","A","1967",3.875,
"FRA","TAXPROPERTY","TOT","PC_TOT_TAX","A","1968",4.31,
"FRA","TAXPROPERTY","TOT","PC_TOT_TAX","A","1969",4.069,
"FRA","TAXPROPERTY","TOT","PC_TOT_TAX","A","1970",4.787,
"FRA","TAXPROPERTY","TOT","PC_TOT_TAX","A","1971",4.521,
"FRA","TAXPROPERTY","TOT","PC_TOT_TAX","A","1972",4.577,
"FRA","TAXPROPERTY","TOT","PC_TOT_TAX","A","1973",5.632,
"FRA","TAXPROPERTY","TOT","PC_TOT_TAX","A","1974",2.831,
"FRA","TAXPROPERTY","TOT","PC_TOT_TAX","A","1975",5.144,
"FRA","TAXPROPERTY","TOT","PC_TOT_TAX","A","1976",5.07,
"FRA","TAXPROPERTY","TOT","PC_TOT_TAX","A","1977",4.737,
"FRA","TAXPROPERTY","TOT","PC_TOT_TAX","A","1978",4.812,
"FRA","TAXPROPERTY","TOT","PC_TOT_TAX","A","1979",4.803,
"FRA","TAXPROPERTY","TOT","PC_TOT_TAX","A","1980",4.811,
"FRA","TAXPROPERTY","TOT","PC_TOT_TAX","A","1981",4.959,
"FRA","TAXPROPERTY","TOT","PC_TOT_TAX","A","1982",4.82,
"FRA","TAXPROPERTY","TOT","PC_TOT_TAX","A","1983",5.015,
"FRA","TAXPROPERTY","TOT","PC_TOT_TAX","A","1984",5.637,
"FRA","TAXPROPERTY","TOT","PC_TOT_TAX","A","1985",5.774,
"FRA","TAXPROPERTY","TOT","PC_TOT_TAX","A","1986",6.172,
"FRA","TAXPROPERTY","TOT","PC_TOT_TAX","A","1987",6.063,
"FRA","TAXPROPERTY","TOT","PC_TOT_TAX","A","1988",6.29,
"FRA","TAXPROPERTY","TOT","PC_TOT_TAX","A","1989",6.405,
"FRA","TAXPROPERTY","TOT","PC_TOT_TAX","A","1990",6.324,
"FRA","TAXPROPERTY","TOT","PC_TOT_TAX","A","1991",6.307,
"FRA","TAXPROPERTY","TOT","PC_TOT_TAX","A","1992",7.66,
"FRA","TAXPROPERTY","TOT","PC_TOT_TAX","A","1993",6.445,
"FRA","TAXPROPERTY","TOT","PC_TOT_TAX","A","1994",6.74,
"FRA","TAXPROPERTY","TOT","PC_TOT_TAX","A","1995",7.001,
"FRA","TAXPROPERTY","TOT","PC_TOT_TAX","A","1996",7.063,
"FRA","TAXPROPERTY","TOT","PC_TOT_TAX","A","1997",7.429,
"FRA","TAXPROPERTY","TOT","PC_TOT_TAX","A","1998",7.41,
"FRA","TAXPROPERTY","TOT","PC_TOT_TAX","A","1999",7.42,
"FRA","TAXPROPERTY","TOT","PC_TOT_TAX","A","2000",7.152,
"FRA","TAXPROPERTY","TOT","PC_TOT_TAX","A","2001",7.101,
"FRA","TAXPROPERTY","TOT","PC_TOT_TAX","A","2002",7.266,
"FRA","TAXPROPERTY","TOT","PC_TOT_TAX","A","2003",7.45,
"FRA","TAXPROPERTY","TOT","PC_TOT_TAX","A","2004",7.714,
"FRA","TAXPROPERTY","TOT","PC_TOT_TAX","A","2005",7.949,
"FRA","TAXPROPERTY","TOT","PC_TOT_TAX","A","2006",8.026,
"FRA","TAXPROPERTY","TOT","PC_TOT_TAX","A","2007",8.129,
"FRA","TAXPROPERTY","TOT","PC_TOT_TAX","A","2008",7.893,
"FRA","TAXPROPERTY","TOT","PC_TOT_TAX","A","2009",8.254,
"FRA","TAXPROPERTY","TOT","PC_TOT_TAX","A","2010",8.636,
"FRA","TAXPROPERTY","TOT","PC_TOT_TAX","A","2011",8.65,
"FRA","TAXPROPERTY","TOT","PC_TOT_TAX","A","2012",8.747,
"FRA","TAXPROPERTY","TOT","PC_TOT_TAX","A","2013",8.71,
"FRA","TAXPROPERTY","TOT","PC_TOT_TAX","A","2014",8.832,
"FRA","TAXPROPERTY","TOT","PC_TOT_TAX","A","2015",9.213,
"FRA","TAXPROPERTY","TOT","PC_TOT_TAX","A","2016",9.331,
"FRA","TAXPROPERTY","TOT","PC_TOT_TAX","A","2017",9.48,
"FRA","TAXPROPERTY","TOT","PC_TOT_TAX","A","2018",8.921,
"DEU","TAXPROPERTY","TOT","PC_TOT_TAX","A","1965",5.8,
"DEU","TAXPROPERTY","TOT","PC_TOT_TAX","A","1966",5.547,
"DEU","TAXPROPERTY","TOT","PC_TOT_TAX","A","1967",5.802,
"DEU","TAXPROPERTY","TOT","PC_TOT_TAX","A","1968",5.555,
"DEU","TAXPROPERTY","TOT","PC_TOT_TAX","A","1969",5.321,
"DEU","TAXPROPERTY","TOT","PC_TOT_TAX","A","1970",4.915,
"DEU","TAXPROPERTY","TOT","PC_TOT_TAX","A","1971",4.61,
"DEU","TAXPROPERTY","TOT","PC_TOT_TAX","A","1972",4.26,
"DEU","TAXPROPERTY","TOT","PC_TOT_TAX","A","1973",3.913,
"DEU","TAXPROPERTY","TOT","PC_TOT_TAX","A","1974",3.737,
"DEU","TAXPROPERTY","TOT","PC_TOT_TAX","A","1975",3.855,
"DEU","TAXPROPERTY","TOT","PC_TOT_TAX","A","1976",4.002,
"DEU","TAXPROPERTY","TOT","PC_TOT_TAX","A","1977",3.93,
"DEU","TAXPROPERTY","TOT","PC_TOT_TAX","A","1978",3.675,
"DEU","TAXPROPERTY","TOT","PC_TOT_TAX","A","1979",3.371,
"DEU","TAXPROPERTY","TOT","PC_TOT_TAX","A","1980",3.276,
"DEU","TAXPROPERTY","TOT","PC_TOT_TAX","A","1981",3.225,
"DEU","TAXPROPERTY","TOT","PC_TOT_TAX","A","1982",3.264,
"DEU","TAXPROPERTY","TOT","PC_TOT_TAX","A","1983",3.37,
"DEU","TAXPROPERTY","TOT","PC_TOT_TAX","A","1984",3.257,
"DEU","TAXPROPERTY","TOT","PC_TOT_TAX","A","1985",3.021,
"DEU","TAXPROPERTY","TOT","PC_TOT_TAX","A","1986",3.053,
"DEU","TAXPROPERTY","TOT","PC_TOT_TAX","A","1987",3.108,
"DEU","TAXPROPERTY","TOT","PC_TOT_TAX","A","1988",3.101,
"DEU","TAXPROPERTY","TOT","PC_TOT_TAX","A","1989",3.052,
"DEU","TAXPROPERTY","TOT","PC_TOT_TAX","A","1990",3.369,
"DEU","TAXPROPERTY","TOT","PC_TOT_TAX","A","1991",2.87,
"DEU","TAXPROPERTY","TOT","PC_TOT_TAX","A","1992",2.718,
"DEU","TAXPROPERTY","TOT","PC_TOT_TAX","A","1993",2.734,
"DEU","TAXPROPERTY","TOT","PC_TOT_TAX","A","1994",2.794,
"DEU","TAXPROPERTY","TOT","PC_TOT_TAX","A","1995",2.769,
"DEU","TAXPROPERTY","TOT","PC_TOT_TAX","A","1996",3.037,
"DEU","TAXPROPERTY","TOT","PC_TOT_TAX","A","1997",2.755,
"DEU","TAXPROPERTY","TOT","PC_TOT_TAX","A","1998",2.375,
"DEU","TAXPROPERTY","TOT","PC_TOT_TAX","A","1999",2.476,
"DEU","TAXPROPERTY","TOT","PC_TOT_TAX","A","2000",2.282,
"DEU","TAXPROPERTY","TOT","PC_TOT_TAX","A","2001",2.287,
"DEU","TAXPROPERTY","TOT","PC_TOT_TAX","A","2002",2.285,
"DEU","TAXPROPERTY","TOT","PC_TOT_TAX","A","2003",2.356,
"DEU","TAXPROPERTY","TOT","PC_TOT_TAX","A","2004",2.467,
"DEU","TAXPROPERTY","TOT","PC_TOT_TAX","A","2005",2.468,
"DEU","TAXPROPERTY","TOT","PC_TOT_TAX","A","2006",2.461,
"DEU","TAXPROPERTY","TOT","PC_TOT_TAX","A","2007",2.494,
"DEU","TAXPROPERTY","TOT","PC_TOT_TAX","A","2008",2.348,
"DEU","TAXPROPERTY","TOT","PC_TOT_TAX","A","2009",2.292,
"DEU","TAXPROPERTY","TOT","PC_TOT_TAX","A","2010",2.326,
"DEU","TAXPROPERTY","TOT","PC_TOT_TAX","A","2011",2.386,
"DEU","TAXPROPERTY","TOT","PC_TOT_TAX","A","2012",2.449,
"DEU","TAXPROPERTY","TOT","PC_TOT_TAX","A","2013",2.512,
"DEU","TAXPROPERTY","TOT","PC_TOT_TAX","A","2014",2.614,
"DEU","TAXPROPERTY","TOT","PC_TOT_TAX","A","2015",2.756,
"DEU","TAXPROPERTY","TOT","PC_TOT_TAX","A","2016",2.828,
"DEU","TAXPROPERTY","TOT","PC_TOT_TAX","A","2017",2.729,
"DEU","TAXPROPERTY","TOT","PC_TOT_TAX","A","2018",2.745,
"GRC","TAXPROPERTY","TOT","PC_TOT_TAX","A","1965",9.66,
"GRC","TAXPROPERTY","TOT","PC_TOT_TAX","A","1966",9.351,
"GRC","TAXPROPERTY","TOT","PC_TOT_TAX","A","1967",9.794,
"GRC","TAXPROPERTY","TOT","PC_TOT_TAX","A","1968",9.103,
"GRC","TAXPROPERTY","TOT","PC_TOT_TAX","A","1969",8.545,
"GRC","TAXPROPERTY","TOT","PC_TOT_TAX","A","1970",9.258,
"GRC","TAXPROPERTY","TOT","PC_TOT_TAX","A","1971",9.858,
"GRC","TAXPROPERTY","TOT","PC_TOT_TAX","A","1972",10.351,
"GRC","TAXPROPERTY","TOT","PC_TOT_TAX","A","1973",9.579,
"GRC","TAXPROPERTY","TOT","PC_TOT_TAX","A","1974",8.548,
"GRC","TAXPROPERTY","TOT","PC_TOT_TAX","A","1975",9.652,
"GRC","TAXPROPERTY","TOT","PC_TOT_TAX","A","1976",9.34,
"GRC","TAXPROPERTY","TOT","PC_TOT_TAX","A","1977",9.632,
"GRC","TAXPROPERTY","TOT","PC_TOT_TAX","A","1978",9.436,
"GRC","TAXPROPERTY","TOT","PC_TOT_TAX","A","1979",5.497,
"GRC","TAXPROPERTY","TOT","PC_TOT_TAX","A","1980",4.595,
"GRC","TAXPROPERTY","TOT","PC_TOT_TAX","A","1981",3.924,
"GRC","TAXPROPERTY","TOT","PC_TOT_TAX","A","1982",3.911,
"GRC","TAXPROPERTY","TOT","PC_TOT_TAX","A","1983",3.241,
"GRC","TAXPROPERTY","TOT","PC_TOT_TAX","A","1984",2.651,
"GRC","TAXPROPERTY","TOT","PC_TOT_TAX","A","1985",2.703,
"GRC","TAXPROPERTY","TOT","PC_TOT_TAX","A","1986",2.72,
"GRC","TAXPROPERTY","TOT","PC_TOT_TAX","A","1987",2.607,
"GRC","TAXPROPERTY","TOT","PC_TOT_TAX","A","1988",3.068,
"GRC","TAXPROPERTY","TOT","PC_TOT_TAX","A","1989",3.389,
"GRC","TAXPROPERTY","TOT","PC_TOT_TAX","A","1990",4.64,
"GRC","TAXPROPERTY","TOT","PC_TOT_TAX","A","1991",3.912,
"GRC","TAXPROPERTY","TOT","PC_TOT_TAX","A","1992",4.542,
"GRC","TAXPROPERTY","TOT","PC_TOT_TAX","A","1993",3.696,
"GRC","TAXPROPERTY","TOT","PC_TOT_TAX","A","1994",3.517,
"GRC","TAXPROPERTY","TOT","PC_TOT_TAX","A","1995",5.973,
"GRC","TAXPROPERTY","TOT","PC_TOT_TAX","A","1996",6.329,
"GRC","TAXPROPERTY","TOT","PC_TOT_TAX","A","1997",6.658,
"GRC","TAXPROPERTY","TOT","PC_TOT_TAX","A","1998",6.406,
"GRC","TAXPROPERTY","TOT","PC_TOT_TAX","A","1999",7.515,
"GRC","TAXPROPERTY","TOT","PC_TOT_TAX","A","2000",7.693,
"GRC","TAXPROPERTY","TOT","PC_TOT_TAX","A","2001",6.769,
"GRC","TAXPROPERTY","TOT","PC_TOT_TAX","A","2002",5.957,
"GRC","TAXPROPERTY","TOT","PC_TOT_TAX","A","2003",6.057,
"GRC","TAXPROPERTY","TOT","PC_TOT_TAX","A","2004",5.946,
"GRC","TAXPROPERTY","TOT","PC_TOT_TAX","A","2005",6.034,
"GRC","TAXPROPERTY","TOT","PC_TOT_TAX","A","2006",6.715,
"GRC","TAXPROPERTY","TOT","PC_TOT_TAX","A","2007",6.633,
"GRC","TAXPROPERTY","TOT","PC_TOT_TAX","A","2008",6.787,
"GRC","TAXPROPERTY","TOT","PC_TOT_TAX","A","2009",6.469,
"GRC","TAXPROPERTY","TOT","PC_TOT_TAX","A","2010",5.166,
"GRC","TAXPROPERTY","TOT","PC_TOT_TAX","A","2011",7.364,
"GRC","TAXPROPERTY","TOT","PC_TOT_TAX","A","2012",7.556,
"GRC","TAXPROPERTY","TOT","PC_TOT_TAX","A","2013",8.826,
"GRC","TAXPROPERTY","TOT","PC_TOT_TAX","A","2014",7.98,
"GRC","TAXPROPERTY","TOT","PC_TOT_TAX","A","2015",8.343,
"GRC","TAXPROPERTY","TOT","PC_TOT_TAX","A","2016",8.04,
"GRC","TAXPROPERTY","TOT","PC_TOT_TAX","A","2017",7.927,
"GRC","TAXPROPERTY","TOT","PC_TOT_TAX","A","2018",7.912,
"HUN","TAXPROPERTY","TOT","PC_TOT_TAX","A","1991",1.158,
"HUN","TAXPROPERTY","TOT","PC_TOT_TAX","A","1992",1.005,
"HUN","TAXPROPERTY","TOT","PC_TOT_TAX","A","1993",0.813,
"HUN","TAXPROPERTY","TOT","PC_TOT_TAX","A","1994",1.026,
"HUN","TAXPROPERTY","TOT","PC_TOT_TAX","A","1995",1.218,
"HUN","TAXPROPERTY","TOT","PC_TOT_TAX","A","1996",1.517,
"HUN","TAXPROPERTY","TOT","PC_TOT_TAX","A","1997",1.536,
"HUN","TAXPROPERTY","TOT","PC_TOT_TAX","A","1998",1.564,
"HUN","TAXPROPERTY","TOT","PC_TOT_TAX","A","1999",1.655,
"HUN","TAXPROPERTY","TOT","PC_TOT_TAX","A","2000",1.732,
"HUN","TAXPROPERTY","TOT","PC_TOT_TAX","A","2001",1.834,
"HUN","TAXPROPERTY","TOT","PC_TOT_TAX","A","2002",1.838,
"HUN","TAXPROPERTY","TOT","PC_TOT_TAX","A","2003",2.15,
"HUN","TAXPROPERTY","TOT","PC_TOT_TAX","A","2004",2.253,
"HUN","TAXPROPERTY","TOT","PC_TOT_TAX","A","2005",2.268,
"HUN","TAXPROPERTY","TOT","PC_TOT_TAX","A","2006",2.232,
"HUN","TAXPROPERTY","TOT","PC_TOT_TAX","A","2007",2.004,
"HUN","TAXPROPERTY","TOT","PC_TOT_TAX","A","2008",2.152,
"HUN","TAXPROPERTY","TOT","PC_TOT_TAX","A","2009",2.09,
"HUN","TAXPROPERTY","TOT","PC_TOT_TAX","A","2010",3.076,
"HUN","TAXPROPERTY","TOT","PC_TOT_TAX","A","2011",3.09,
"HUN","TAXPROPERTY","TOT","PC_TOT_TAX","A","2012",3.181,
"HUN","TAXPROPERTY","TOT","PC_TOT_TAX","A","2013",3.387,
"HUN","TAXPROPERTY","TOT","PC_TOT_TAX","A","2014",3.37,
"HUN","TAXPROPERTY","TOT","PC_TOT_TAX","A","2015",3.296,
"HUN","TAXPROPERTY","TOT","PC_TOT_TAX","A","2016",2.822,
"HUN","TAXPROPERTY","TOT","PC_TOT_TAX","A","2017",2.805,
"HUN","TAXPROPERTY","TOT","PC_TOT_TAX","A","2018",2.709,
"ISL","TAXPROPERTY","TOT","PC_TOT_TAX","A","1965",3.951,
"ISL","TAXPROPERTY","TOT","PC_TOT_TAX","A","1970",4.473,
"ISL","TAXPROPERTY","TOT","PC_TOT_TAX","A","1975",5.14,
"ISL","TAXPROPERTY","TOT","PC_TOT_TAX","A","1980",6.278,
"ISL","TAXPROPERTY","TOT","PC_TOT_TAX","A","1981",6.439,
"ISL","TAXPROPERTY","TOT","PC_TOT_TAX","A","1982",6.329,
"ISL","TAXPROPERTY","TOT","PC_TOT_TAX","A","1983",6.78,
"ISL","TAXPROPERTY","TOT","PC_TOT_TAX","A","1984",6.953,
"ISL","TAXPROPERTY","TOT","PC_TOT_TAX","A","1985",7.311,
"ISL","TAXPROPERTY","TOT","PC_TOT_TAX","A","1986",7.446,
"ISL","TAXPROPERTY","TOT","PC_TOT_TAX","A","1987",7.651,
"ISL","TAXPROPERTY","TOT","PC_TOT_TAX","A","1988",7.259,
"ISL","TAXPROPERTY","TOT","PC_TOT_TAX","A","1989",7.957,
"ISL","TAXPROPERTY","TOT","PC_TOT_TAX","A","1990",8.43,
"ISL","TAXPROPERTY","TOT","PC_TOT_TAX","A","1991",8.809,
"ISL","TAXPROPERTY","TOT","PC_TOT_TAX","A","1992",9.036,
"ISL","TAXPROPERTY","TOT","PC_TOT_TAX","A","1993",9.562,
"ISL","TAXPROPERTY","TOT","PC_TOT_TAX","A","1994",9.422,
"ISL","TAXPROPERTY","TOT","PC_TOT_TAX","A","1995",9.091,
"ISL","TAXPROPERTY","TOT","PC_TOT_TAX","A","1996",8.278,
"ISL","TAXPROPERTY","TOT","PC_TOT_TAX","A","1997",8.093,
"ISL","TAXPROPERTY","TOT","PC_TOT_TAX","A","1998",7.682,
"ISL","TAXPROPERTY","TOT","PC_TOT_TAX","A","1999",7.283,
"ISL","TAXPROPERTY","TOT","PC_TOT_TAX","A","2000",7.85,
"ISL","TAXPROPERTY","TOT","PC_TOT_TAX","A","2001",7.855,
"ISL","TAXPROPERTY","TOT","PC_TOT_TAX","A","2002",7.316,
"ISL","TAXPROPERTY","TOT","PC_TOT_TAX","A","2003",6.349,
"ISL","TAXPROPERTY","TOT","PC_TOT_TAX","A","2004",6.699,
"ISL","TAXPROPERTY","TOT","PC_TOT_TAX","A","2005",6.535,
"ISL","TAXPROPERTY","TOT","PC_TOT_TAX","A","2006",5.283,
"ISL","TAXPROPERTY","TOT","PC_TOT_TAX","A","2007",6.116,
"ISL","TAXPROPERTY","TOT","PC_TOT_TAX","A","2008",6.109,
"ISL","TAXPROPERTY","TOT","PC_TOT_TAX","A","2009",6.465,
"ISL","TAXPROPERTY","TOT","PC_TOT_TAX","A","2010",7.046,
"ISL","TAXPROPERTY","TOT","PC_TOT_TAX","A","2011",6.704,
"ISL","TAXPROPERTY","TOT","PC_TOT_TAX","A","2012",7.072,
"ISL","TAXPROPERTY","TOT","PC_TOT_TAX","A","2013",6.876,
"ISL","TAXPROPERTY","TOT","PC_TOT_TAX","A","2014",6.41,
"ISL","TAXPROPERTY","TOT","PC_TOT_TAX","A","2015",5.356,
"ISL","TAXPROPERTY","TOT","PC_TOT_TAX","A","2016",34.178,
"ISL","TAXPROPERTY","TOT","PC_TOT_TAX","A","2017",5.498,
"ISL","TAXPROPERTY","TOT","PC_TOT_TAX","A","2018",5.487,
"IRL","TAXPROPERTY","TOT","PC_TOT_TAX","A","1965",15.128,
"IRL","TAXPROPERTY","TOT","PC_TOT_TAX","A","1966",14.298,
"IRL","TAXPROPERTY","TOT","PC_TOT_TAX","A","1967",13.778,
"IRL","TAXPROPERTY","TOT","PC_TOT_TAX","A","1968",14.068,
"IRL","TAXPROPERTY","TOT","PC_TOT_TAX","A","1969",13.069,
"IRL","TAXPROPERTY","TOT","PC_TOT_TAX","A","1970",12.238,
"IRL","TAXPROPERTY","TOT","PC_TOT_TAX","A","1971",12.844,
"IRL","TAXPROPERTY","TOT","PC_TOT_TAX","A","1972",13.619,
"IRL","TAXPROPERTY","TOT","PC_TOT_TAX","A","1973",11.705,
"IRL","TAXPROPERTY","TOT","PC_TOT_TAX","A","1974",11.278,
"IRL","TAXPROPERTY","TOT","PC_TOT_TAX","A","1975",9.702,
"IRL","TAXPROPERTY","TOT","PC_TOT_TAX","A","1976",8.858,
"IRL","TAXPROPERTY","TOT","PC_TOT_TAX","A","1977",8.105,
"IRL","TAXPROPERTY","TOT","PC_TOT_TAX","A","1978",6.171,
"IRL","TAXPROPERTY","TOT","PC_TOT_TAX","A","1979",6.074,
"IRL","TAXPROPERTY","TOT","PC_TOT_TAX","A","1980",5.268,
"IRL","TAXPROPERTY","TOT","PC_TOT_TAX","A","1981",4.544,
"IRL","TAXPROPERTY","TOT","PC_TOT_TAX","A","1982",3.84,
"IRL","TAXPROPERTY","TOT","PC_TOT_TAX","A","1983",3.852,
"IRL","TAXPROPERTY","TOT","PC_TOT_TAX","A","1984",3.81,
"IRL","TAXPROPERTY","TOT","PC_TOT_TAX","A","1985",3.989,
"IRL","TAXPROPERTY","TOT","PC_TOT_TAX","A","1986",3.801,
"IRL","TAXPROPERTY","TOT","PC_TOT_TAX","A","1987",4.383,
"IRL","TAXPROPERTY","TOT","PC_TOT_TAX","A","1988",4.015,
"IRL","TAXPROPERTY","TOT","PC_TOT_TAX","A","1989",4.815,
"IRL","TAXPROPERTY","TOT","PC_TOT_TAX","A","1990",4.64,
"IRL","TAXPROPERTY","TOT","PC_TOT_TAX","A","1991",4.576,
"IRL","TAXPROPERTY","TOT","PC_TOT_TAX","A","1992",4.352,
"IRL","TAXPROPERTY","TOT","PC_TOT_TAX","A","1993",4.131,
"IRL","TAXPROPERTY","TOT","PC_TOT_TAX","A","1994",4.424,
"IRL","TAXPROPERTY","TOT","PC_TOT_TAX","A","1995",4.473,
"IRL","TAXPROPERTY","TOT","PC_TOT_TAX","A","1996",4.659,
"IRL","TAXPROPERTY","TOT","PC_TOT_TAX","A","1997",4.853,
"IRL","TAXPROPERTY","TOT","PC_TOT_TAX","A","1998",5.079,
"IRL","TAXPROPERTY","TOT","PC_TOT_TAX","A","1999",5.484,
"IRL","TAXPROPERTY","TOT","PC_TOT_TAX","A","2000",5.705,
"IRL","TAXPROPERTY","TOT","PC_TOT_TAX","A","2001",5.875,
"IRL","TAXPROPERTY","TOT","PC_TOT_TAX","A","2002",5.496,
"IRL","TAXPROPERTY","TOT","PC_TOT_TAX","A","2003",6.692,
"IRL","TAXPROPERTY","TOT","PC_TOT_TAX","A","2004",6.96,
"IRL","TAXPROPERTY","TOT","PC_TOT_TAX","A","2005",7.517,
"IRL","TAXPROPERTY","TOT","PC_TOT_TAX","A","2006",8.74,
"IRL","TAXPROPERTY","TOT","PC_TOT_TAX","A","2007",7.992,
"IRL","TAXPROPERTY","TOT","PC_TOT_TAX","A","2008",6.235,
"IRL","TAXPROPERTY","TOT","PC_TOT_TAX","A","2009",5.293,
"IRL","TAXPROPERTY","TOT","PC_TOT_TAX","A","2010",5.273,
"IRL","TAXPROPERTY","TOT","PC_TOT_TAX","A","2011",6.068,
"IRL","TAXPROPERTY","TOT","PC_TOT_TAX","A","2012",6.369,
"IRL","TAXPROPERTY","TOT","PC_TOT_TAX","A","2013",7.151,
"IRL","TAXPROPERTY","TOT","PC_TOT_TAX","A","2014",7.641,
"IRL","TAXPROPERTY","TOT","PC_TOT_TAX","A","2015",6.46,
"IRL","TAXPROPERTY","TOT","PC_TOT_TAX","A","2016",6.053,
"IRL","TAXPROPERTY","TOT","PC_TOT_TAX","A","2017",5.711,
"IRL","TAXPROPERTY","TOT","PC_TOT_TAX","A","2018",5.896,
"ITA","TAXPROPERTY","TOT","PC_TOT_TAX","A","1965",7.214,
"ITA","TAXPROPERTY","TOT","PC_TOT_TAX","A","1966",7.23,
"ITA","TAXPROPERTY","TOT","PC_TOT_TAX","A","1967",6.913,
"ITA","TAXPROPERTY","TOT","PC_TOT_TAX","A","1968",6.476,
"ITA","TAXPROPERTY","TOT","PC_TOT_TAX","A","1969",6.238,
"ITA","TAXPROPERTY","TOT","PC_TOT_TAX","A","1970",6.006,
"ITA","TAXPROPERTY","TOT","PC_TOT_TAX","A","1971",6.046,
"ITA","TAXPROPERTY","TOT","PC_TOT_TAX","A","1972",6.243,
"ITA","TAXPROPERTY","TOT","PC_TOT_TAX","A","1973",4.812,
"ITA","TAXPROPERTY","TOT","PC_TOT_TAX","A","1974",3.904,
"ITA","TAXPROPERTY","TOT","PC_TOT_TAX","A","1975",3.286,
"ITA","TAXPROPERTY","TOT","PC_TOT_TAX","A","1976",3.261,
"ITA","TAXPROPERTY","TOT","PC_TOT_TAX","A","1977",3.352,
"ITA","TAXPROPERTY","TOT","PC_TOT_TAX","A","1978",3.487,
"ITA","TAXPROPERTY","TOT","PC_TOT_TAX","A","1979",3.832,
"ITA","TAXPROPERTY","TOT","PC_TOT_TAX","A","1980",3.72,
"ITA","TAXPROPERTY","TOT","PC_TOT_TAX","A","1981",3.339,
"ITA","TAXPROPERTY","TOT","PC_TOT_TAX","A","1982",3.026,
"ITA","TAXPROPERTY","TOT","PC_TOT_TAX","A","1983",2.711,
"ITA","TAXPROPERTY","TOT","PC_TOT_TAX","A","1984",2.851,
"ITA","TAXPROPERTY","TOT","PC_TOT_TAX","A","1985",2.515,
"ITA","TAXPROPERTY","TOT","PC_TOT_TAX","A","1986",2.785,
"ITA","TAXPROPERTY","TOT","PC_TOT_TAX","A","1987",2.59,
"ITA","TAXPROPERTY","TOT","PC_TOT_TAX","A","1988",2.48,
"ITA","TAXPROPERTY","TOT","PC_TOT_TAX","A","1989",2.273,
"ITA","TAXPROPERTY","TOT","PC_TOT_TAX","A","1990",2.257,
"ITA","TAXPROPERTY","TOT","PC_TOT_TAX","A","1991",2.485,
"ITA","TAXPROPERTY","TOT","PC_TOT_TAX","A","1992",3.502,
"ITA","TAXPROPERTY","TOT","PC_TOT_TAX","A","1993",5.41,
"ITA","TAXPROPERTY","TOT","PC_TOT_TAX","A","1994",5.433,
"ITA","TAXPROPERTY","TOT","PC_TOT_TAX","A","1995",5.647,
"ITA","TAXPROPERTY","TOT","PC_TOT_TAX","A","1996",5.365,
"ITA","TAXPROPERTY","TOT","PC_TOT_TAX","A","1997",5.067,
"ITA","TAXPROPERTY","TOT","PC_TOT_TAX","A","1998",4.799,
"ITA","TAXPROPERTY","TOT","PC_TOT_TAX","A","1999",4.557,
"ITA","TAXPROPERTY","TOT","PC_TOT_TAX","A","2000",4.643,
"ITA","TAXPROPERTY","TOT","PC_TOT_TAX","A","2001",4.409,
"ITA","TAXPROPERTY","TOT","PC_TOT_TAX","A","2002",5.153,
"ITA","TAXPROPERTY","TOT","PC_TOT_TAX","A","2003",7.777,
"ITA","TAXPROPERTY","TOT","PC_TOT_TAX","A","2004",6.137,
"ITA","TAXPROPERTY","TOT","PC_TOT_TAX","A","2005",5.007,
"ITA","TAXPROPERTY","TOT","PC_TOT_TAX","A","2006",5.03,
"ITA","TAXPROPERTY","TOT","PC_TOT_TAX","A","2007",4.864,
"ITA","TAXPROPERTY","TOT","PC_TOT_TAX","A","2008",4.293,
"ITA","TAXPROPERTY","TOT","PC_TOT_TAX","A","2009",6.191,
"ITA","TAXPROPERTY","TOT","PC_TOT_TAX","A","2010",4.828,
"ITA","TAXPROPERTY","TOT","PC_TOT_TAX","A","2011",5.258,
"ITA","TAXPROPERTY","TOT","PC_TOT_TAX","A","2012",6.16,
"ITA","TAXPROPERTY","TOT","PC_TOT_TAX","A","2013",6.208,
"ITA","TAXPROPERTY","TOT","PC_TOT_TAX","A","2014",6.646,
"ITA","TAXPROPERTY","TOT","PC_TOT_TAX","A","2015",6.527,
"ITA","TAXPROPERTY","TOT","PC_TOT_TAX","A","2016",6.561,
"ITA","TAXPROPERTY","TOT","PC_TOT_TAX","A","2017",6.164,
"ITA","TAXPROPERTY","TOT","PC_TOT_TAX","A","2018",6.098,
"JPN","TAXPROPERTY","TOT","PC_TOT_TAX","A","1965",8.069,
"JPN","TAXPROPERTY","TOT","PC_TOT_TAX","A","1966",8.01,
"JPN","TAXPROPERTY","TOT","PC_TOT_TAX","A","1967",7.766,
"JPN","TAXPROPERTY","TOT","PC_TOT_TAX","A","1968",7.631,
"JPN","TAXPROPERTY","TOT","PC_TOT_TAX","A","1969",7.573,
"JPN","TAXPROPERTY","TOT","PC_TOT_TAX","A","1970",7.584,
"JPN","TAXPROPERTY","TOT","PC_TOT_TAX","A","1971",8.39,
"JPN","TAXPROPERTY","TOT","PC_TOT_TAX","A","1972",8.769,
"JPN","TAXPROPERTY","TOT","PC_TOT_TAX","A","1973",8.255,
"JPN","TAXPROPERTY","TOT","PC_TOT_TAX","A","1974",7.983,
"JPN","TAXPROPERTY","TOT","PC_TOT_TAX","A","1975",9.086,
"JPN","TAXPROPERTY","TOT","PC_TOT_TAX","A","1976",8.714,
"JPN","TAXPROPERTY","TOT","PC_TOT_TAX","A","1977",8.866,
"JPN","TAXPROPERTY","TOT","PC_TOT_TAX","A","1978",8.599,
"JPN","TAXPROPERTY","TOT","PC_TOT_TAX","A","1979",8.626,
"JPN","TAXPROPERTY","TOT","PC_TOT_TAX","A","1980",8.19,
"JPN","TAXPROPERTY","TOT","PC_TOT_TAX","A","1981",8.639,
"JPN","TAXPROPERTY","TOT","PC_TOT_TAX","A","1982",8.955,
"JPN","TAXPROPERTY","TOT","PC_TOT_TAX","A","1983",9.386,
"JPN","TAXPROPERTY","TOT","PC_TOT_TAX","A","1984",9.408,
"JPN","TAXPROPERTY","TOT","PC_TOT_TAX","A","1985",9.703,
"JPN","TAXPROPERTY","TOT","PC_TOT_TAX","A","1986",10.856,
"JPN","TAXPROPERTY","TOT","PC_TOT_TAX","A","1987",11.313,
"JPN","TAXPROPERTY","TOT","PC_TOT_TAX","A","1988",11.17,
"JPN","TAXPROPERTY","TOT","PC_TOT_TAX","A","1989",10.176,
"JPN","TAXPROPERTY","TOT","PC_TOT_TAX","A","1990",9.398,
"JPN","TAXPROPERTY","TOT","PC_TOT_TAX","A","1991",9.694,
"JPN","TAXPROPERTY","TOT","PC_TOT_TAX","A","1992",10.956,
"JPN","TAXPROPERTY","TOT","PC_TOT_TAX","A","1993",11.62,
"JPN","TAXPROPERTY","TOT","PC_TOT_TAX","A","1994",11.991,
"JPN","TAXPROPERTY","TOT","PC_TOT_TAX","A","1995",12.151,
"JPN","TAXPROPERTY","TOT","PC_TOT_TAX","A","1996",11.795,
"JPN","TAXPROPERTY","TOT","PC_TOT_TAX","A","1997",11.23,
"JPN","TAXPROPERTY","TOT","PC_TOT_TAX","A","1998",11.024,
"JPN","TAXPROPERTY","TOT","PC_TOT_TAX","A","1999",11.243,
"JPN","TAXPROPERTY","TOT","PC_TOT_TAX","A","2000",10.492,
"JPN","TAXPROPERTY","TOT","PC_TOT_TAX","A","2001",10.513,
"JPN","TAXPROPERTY","TOT","PC_TOT_TAX","A","2002",10.788,
"JPN","TAXPROPERTY","TOT","PC_TOT_TAX","A","2003",10.33,
"JPN","TAXPROPERTY","TOT","PC_TOT_TAX","A","2004",9.993,
"JPN","TAXPROPERTY","TOT","PC_TOT_TAX","A","2005",9.661,
"JPN","TAXPROPERTY","TOT","PC_TOT_TAX","A","2006",9.083,
"JPN","TAXPROPERTY","TOT","PC_TOT_TAX","A","2007",8.983,
"JPN","TAXPROPERTY","TOT","PC_TOT_TAX","A","2008",9.391,
"JPN","TAXPROPERTY","TOT","PC_TOT_TAX","A","2009",10.136,
"JPN","TAXPROPERTY","TOT","PC_TOT_TAX","A","2010",9.721,
"JPN","TAXPROPERTY","TOT","PC_TOT_TAX","A","2011",9.656,
"JPN","TAXPROPERTY","TOT","PC_TOT_TAX","A","2012",9.109,
"JPN","TAXPROPERTY","TOT","PC_TOT_TAX","A","2013",8.838,
"JPN","TAXPROPERTY","TOT","PC_TOT_TAX","A","2014",8.481,
"JPN","TAXPROPERTY","TOT","PC_TOT_TAX","A","2015",8.194,
"JPN","TAXPROPERTY","TOT","PC_TOT_TAX","A","2016",8.349,
"JPN","TAXPROPERTY","TOT","PC_TOT_TAX","A","2017",8.194,
"KOR","TAXPROPERTY","TOT","PC_TOT_TAX","A","1972",9.249,
"KOR","TAXPROPERTY","TOT","PC_TOT_TAX","A","1973",10.587,
"KOR","TAXPROPERTY","TOT","PC_TOT_TAX","A","1974",10.24,
"KOR","TAXPROPERTY","TOT","PC_TOT_TAX","A","1975",9.701,
"KOR","TAXPROPERTY","TOT","PC_TOT_TAX","A","1976",8.486,
"KOR","TAXPROPERTY","TOT","PC_TOT_TAX","A","1977",8.35,
"KOR","TAXPROPERTY","TOT","PC_TOT_TAX","A","1978",7.715,
"KOR","TAXPROPERTY","TOT","PC_TOT_TAX","A","1979",7.554,
"KOR","TAXPROPERTY","TOT","PC_TOT_TAX","A","1980",8.027,
"KOR","TAXPROPERTY","TOT","PC_TOT_TAX","A","1981",8.376,
"KOR","TAXPROPERTY","TOT","PC_TOT_TAX","A","1982",9.241,
"KOR","TAXPROPERTY","TOT","PC_TOT_TAX","A","1983",9.697,
"KOR","TAXPROPERTY","TOT","PC_TOT_TAX","A","1984",9.359,
"KOR","TAXPROPERTY","TOT","PC_TOT_TAX","A","1985",9.136,
"KOR","TAXPROPERTY","TOT","PC_TOT_TAX","A","1986",8.723,
"KOR","TAXPROPERTY","TOT","PC_TOT_TAX","A","1987",8.962,
"KOR","TAXPROPERTY","TOT","PC_TOT_TAX","A","1988",9.986,
"KOR","TAXPROPERTY","TOT","PC_TOT_TAX","A","1989",11.053,
"KOR","TAXPROPERTY","TOT","PC_TOT_TAX","A","1990",11.778,
"KOR","TAXPROPERTY","TOT","PC_TOT_TAX","A","1991",12.619,
"KOR","TAXPROPERTY","TOT","PC_TOT_TAX","A","1992",12.734,
"KOR","TAXPROPERTY","TOT","PC_TOT_TAX","A","1993",14.009,
"KOR","TAXPROPERTY","TOT","PC_TOT_TAX","A","1994",14.412,
"KOR","TAXPROPERTY","TOT","PC_TOT_TAX","A","1995",13.953,
"KOR","TAXPROPERTY","TOT","PC_TOT_TAX","A","1996",12.905,
"KOR","TAXPROPERTY","TOT","PC_TOT_TAX","A","1997",12.717,
"KOR","TAXPROPERTY","TOT","PC_TOT_TAX","A","1998",10.872,
"KOR","TAXPROPERTY","TOT","PC_TOT_TAX","A","1999",13.677,
"KOR","TAXPROPERTY","TOT","PC_TOT_TAX","A","2000",12.36,
"KOR","TAXPROPERTY","TOT","PC_TOT_TAX","A","2001",11.418,
"KOR","TAXPROPERTY","TOT","PC_TOT_TAX","A","2002",12.716,
"KOR","TAXPROPERTY","TOT","PC_TOT_TAX","A","2003",11.777,
"KOR","TAXPROPERTY","TOT","PC_TOT_TAX","A","2004",11.246,
"KOR","TAXPROPERTY","TOT","PC_TOT_TAX","A","2005",11.911,
"KOR","TAXPROPERTY","TOT","PC_TOT_TAX","A","2006",13.183,
"KOR","TAXPROPERTY","TOT","PC_TOT_TAX","A","2007",12.805,
"KOR","TAXPROPERTY","TOT","PC_TOT_TAX","A","2008",11.928,
"KOR","TAXPROPERTY","TOT","PC_TOT_TAX","A","2009",11.622,
"KOR","TAXPROPERTY","TOT","PC_TOT_TAX","A","2010",11.324,
"KOR","TAXPROPERTY","TOT","PC_TOT_TAX","A","2011",11.355,
"KOR","TAXPROPERTY","TOT","PC_TOT_TAX","A","2012",10.609,
"KOR","TAXPROPERTY","TOT","PC_TOT_TAX","A","2013",10.321,
"KOR","TAXPROPERTY","TOT","PC_TOT_TAX","A","2014",11.03,
"KOR","TAXPROPERTY","TOT","PC_TOT_TAX","A","2015",12.355,
"KOR","TAXPROPERTY","TOT","PC_TOT_TAX","A","2016",11.566,
"KOR","TAXPROPERTY","TOT","PC_TOT_TAX","A","2017",11.688,
"KOR","TAXPROPERTY","TOT","PC_TOT_TAX","A","2018",11.61,
"LUX","TAXPROPERTY","TOT","PC_TOT_TAX","A","1965",6.172,
"LUX","TAXPROPERTY","TOT","PC_TOT_TAX","A","1966",6.469,
"LUX","TAXPROPERTY","TOT","PC_TOT_TAX","A","1967",6.723,
"LUX","TAXPROPERTY","TOT","PC_TOT_TAX","A","1968",6.906,
"LUX","TAXPROPERTY","TOT","PC_TOT_TAX","A","1969",7,
"LUX","TAXPROPERTY","TOT","PC_TOT_TAX","A","1970",6.654,
"LUX","TAXPROPERTY","TOT","PC_TOT_TAX","A","1971",6.424,
"LUX","TAXPROPERTY","TOT","PC_TOT_TAX","A","1972",7.036,
"LUX","TAXPROPERTY","TOT","PC_TOT_TAX","A","1973",7.043,
"LUX","TAXPROPERTY","TOT","PC_TOT_TAX","A","1974",5.834,
"LUX","TAXPROPERTY","TOT","PC_TOT_TAX","A","1975",5.159,
"LUX","TAXPROPERTY","TOT","PC_TOT_TAX","A","1976",5.412,
"LUX","TAXPROPERTY","TOT","PC_TOT_TAX","A","1977",5.397,
"LUX","TAXPROPERTY","TOT","PC_TOT_TAX","A","1978",5.24,
"LUX","TAXPROPERTY","TOT","PC_TOT_TAX","A","1979",5.966,
"LUX","TAXPROPERTY","TOT","PC_TOT_TAX","A","1980",5.666,
"LUX","TAXPROPERTY","TOT","PC_TOT_TAX","A","1981",5.695,
"LUX","TAXPROPERTY","TOT","PC_TOT_TAX","A","1982",5.731,
"LUX","TAXPROPERTY","TOT","PC_TOT_TAX","A","1983",5.971,
"LUX","TAXPROPERTY","TOT","PC_TOT_TAX","A","1984",5.767,
"LUX","TAXPROPERTY","TOT","PC_TOT_TAX","A","1985",5.56,
"LUX","TAXPROPERTY","TOT","PC_TOT_TAX","A","1986",6.086,
"LUX","TAXPROPERTY","TOT","PC_TOT_TAX","A","1987",6.768,
"LUX","TAXPROPERTY","TOT","PC_TOT_TAX","A","1988",7.723,
"LUX","TAXPROPERTY","TOT","PC_TOT_TAX","A","1989",8.431,
"LUX","TAXPROPERTY","TOT","PC_TOT_TAX","A","1990",8.424,
"LUX","TAXPROPERTY","TOT","PC_TOT_TAX","A","1991",7.718,
"LUX","TAXPROPERTY","TOT","PC_TOT_TAX","A","1992",8.044,
"LUX","TAXPROPERTY","TOT","PC_TOT_TAX","A","1993",8.003,
"LUX","TAXPROPERTY","TOT","PC_TOT_TAX","A","1994",7.664,
"LUX","TAXPROPERTY","TOT","PC_TOT_TAX","A","1995",7.131,
"LUX","TAXPROPERTY","TOT","PC_TOT_TAX","A","1996",7.652,
"LUX","TAXPROPERTY","TOT","PC_TOT_TAX","A","1997",8.032,
"LUX","TAXPROPERTY","TOT","PC_TOT_TAX","A","1998",8.727,
"LUX","TAXPROPERTY","TOT","PC_TOT_TAX","A","1999",9.941,
"LUX","TAXPROPERTY","TOT","PC_TOT_TAX","A","2000",10.675,
"LUX","TAXPROPERTY","TOT","PC_TOT_TAX","A","2001",9.729,
"LUX","TAXPROPERTY","TOT","PC_TOT_TAX","A","2002",8.044,
"LUX","TAXPROPERTY","TOT","PC_TOT_TAX","A","2003",7.472,
"LUX","TAXPROPERTY","TOT","PC_TOT_TAX","A","2004",7.805,
"LUX","TAXPROPERTY","TOT","PC_TOT_TAX","A","2005",8.484,
"LUX","TAXPROPERTY","TOT","PC_TOT_TAX","A","2006",9.331,
"LUX","TAXPROPERTY","TOT","PC_TOT_TAX","A","2007",9.647,
"LUX","TAXPROPERTY","TOT","PC_TOT_TAX","A","2008",7.402,
"LUX","TAXPROPERTY","TOT","PC_TOT_TAX","A","2009",6.628,
"LUX","TAXPROPERTY","TOT","PC_TOT_TAX","A","2010",7.069,
"LUX","TAXPROPERTY","TOT","PC_TOT_TAX","A","2011",6.947,
"LUX","TAXPROPERTY","TOT","PC_TOT_TAX","A","2012",7.032,
"LUX","TAXPROPERTY","TOT","PC_TOT_TAX","A","2013",7.279,
"LUX","TAXPROPERTY","TOT","PC_TOT_TAX","A","2014",7.773,
"LUX","TAXPROPERTY","TOT","PC_TOT_TAX","A","2015",8.897,
"LUX","TAXPROPERTY","TOT","PC_TOT_TAX","A","2016",9.269,
"LUX","TAXPROPERTY","TOT","PC_TOT_TAX","A","2017",9.649,
"LUX","TAXPROPERTY","TOT","PC_TOT_TAX","A","2018",9.786,
"MEX","TAXPROPERTY","TOT","PC_TOT_TAX","A","1980",1.946,
"MEX","TAXPROPERTY","TOT","PC_TOT_TAX","A","1981",1.848,
"MEX","TAXPROPERTY","TOT","PC_TOT_TAX","A","1982",1.434,
"MEX","TAXPROPERTY","TOT","PC_TOT_TAX","A","1983",0.998,
"MEX","TAXPROPERTY","TOT","PC_TOT_TAX","A","1984",0.787,
"MEX","TAXPROPERTY","TOT","PC_TOT_TAX","A","1985",0.49,
"MEX","TAXPROPERTY","TOT","PC_TOT_TAX","A","1986",0.871,
"MEX","TAXPROPERTY","TOT","PC_TOT_TAX","A","1987",0.618,
"MEX","TAXPROPERTY","TOT","PC_TOT_TAX","A","1988",0.8,
"MEX","TAXPROPERTY","TOT","PC_TOT_TAX","A","1989",0.929,
"MEX","TAXPROPERTY","TOT","PC_TOT_TAX","A","1990",1.876,
"MEX","TAXPROPERTY","TOT","PC_TOT_TAX","A","1991",2.267,
"MEX","TAXPROPERTY","TOT","PC_TOT_TAX","A","1992",2.516,
"MEX","TAXPROPERTY","TOT","PC_TOT_TAX","A","1993",2.516,
"MEX","TAXPROPERTY","TOT","PC_TOT_TAX","A","1994",2.375,
"MEX","TAXPROPERTY","TOT","PC_TOT_TAX","A","1995",2.409,
"MEX","TAXPROPERTY","TOT","PC_TOT_TAX","A","1996",2.202,
"MEX","TAXPROPERTY","TOT","PC_TOT_TAX","A","1997",1.926,
"MEX","TAXPROPERTY","TOT","PC_TOT_TAX","A","1998",1.852,
"MEX","TAXPROPERTY","TOT","PC_TOT_TAX","A","1999",1.708,
"MEX","TAXPROPERTY","TOT","PC_TOT_TAX","A","2000",1.82,
"MEX","TAXPROPERTY","TOT","PC_TOT_TAX","A","2001",1.94,
"MEX","TAXPROPERTY","TOT","PC_TOT_TAX","A","2002",2.062,
"MEX","TAXPROPERTY","TOT","PC_TOT_TAX","A","2003",2.065,
"MEX","TAXPROPERTY","TOT","PC_TOT_TAX","A","2004",2.249,
"MEX","TAXPROPERTY","TOT","PC_TOT_TAX","A","2005",2.466,
"MEX","TAXPROPERTY","TOT","PC_TOT_TAX","A","2006",2.402,
"MEX","TAXPROPERTY","TOT","PC_TOT_TAX","A","2007",2.399,
"MEX","TAXPROPERTY","TOT","PC_TOT_TAX","A","2008",2.303,
"MEX","TAXPROPERTY","TOT","PC_TOT_TAX","A","2009",2.34,
"MEX","TAXPROPERTY","TOT","PC_TOT_TAX","A","2010",2.27,
"MEX","TAXPROPERTY","TOT","PC_TOT_TAX","A","2011",2.2,
"MEX","TAXPROPERTY","TOT","PC_TOT_TAX","A","2012",2.258,
"MEX","TAXPROPERTY","TOT","PC_TOT_TAX","A","2013",2.135,
"MEX","TAXPROPERTY","TOT","PC_TOT_TAX","A","2014",2.296,
"MEX","TAXPROPERTY","TOT","PC_TOT_TAX","A","2015",1.953,
"MEX","TAXPROPERTY","TOT","PC_TOT_TAX","A","2016",1.893,
"MEX","TAXPROPERTY","TOT","PC_TOT_TAX","A","2017",1.923,
"NLD","TAXPROPERTY","TOT","PC_TOT_TAX","A","1965",4.379,
"NLD","TAXPROPERTY","TOT","PC_TOT_TAX","A","1966",3.742,
"NLD","TAXPROPERTY","TOT","PC_TOT_TAX","A","1967",3.405,
"NLD","TAXPROPERTY","TOT","PC_TOT_TAX","A","1968",3.535,
"NLD","TAXPROPERTY","TOT","PC_TOT_TAX","A","1969",3.545,
"NLD","TAXPROPERTY","TOT","PC_TOT_TAX","A","1970",3.334,
"NLD","TAXPROPERTY","TOT","PC_TOT_TAX","A","1971",2.914,
"NLD","TAXPROPERTY","TOT","PC_TOT_TAX","A","1972",2.681,
"NLD","TAXPROPERTY","TOT","PC_TOT_TAX","A","1973",2.851,
"NLD","TAXPROPERTY","TOT","PC_TOT_TAX","A","1974",2.81,
"NLD","TAXPROPERTY","TOT","PC_TOT_TAX","A","1975",2.386,
"NLD","TAXPROPERTY","TOT","PC_TOT_TAX","A","1976",2.638,
"NLD","TAXPROPERTY","TOT","PC_TOT_TAX","A","1977",3.24,
"NLD","TAXPROPERTY","TOT","PC_TOT_TAX","A","1978",3.855,
"NLD","TAXPROPERTY","TOT","PC_TOT_TAX","A","1979",3.811,
"NLD","TAXPROPERTY","TOT","PC_TOT_TAX","A","1980",3.586,
"NLD","TAXPROPERTY","TOT","PC_TOT_TAX","A","1981",3.438,
"NLD","TAXPROPERTY","TOT","PC_TOT_TAX","A","1982",3.332,
"NLD","TAXPROPERTY","TOT","PC_TOT_TAX","A","1983",3.18,
"NLD","TAXPROPERTY","TOT","PC_TOT_TAX","A","1984",3.324,
"NLD","TAXPROPERTY","TOT","PC_TOT_TAX","A","1985",3.474,
"NLD","TAXPROPERTY","TOT","PC_TOT_TAX","A","1986",3.595,
"NLD","TAXPROPERTY","TOT","PC_TOT_TAX","A","1987",3.645,
"NLD","TAXPROPERTY","TOT","PC_TOT_TAX","A","1988",3.489,
"NLD","TAXPROPERTY","TOT","PC_TOT_TAX","A","1989",3.79,
"NLD","TAXPROPERTY","TOT","PC_TOT_TAX","A","1990",3.655,
"NLD","TAXPROPERTY","TOT","PC_TOT_TAX","A","1991",3.573,
"NLD","TAXPROPERTY","TOT","PC_TOT_TAX","A","1992",3.6,
"NLD","TAXPROPERTY","TOT","PC_TOT_TAX","A","1993",3.802,
"NLD","TAXPROPERTY","TOT","PC_TOT_TAX","A","1994",4.184,
"NLD","TAXPROPERTY","TOT","PC_TOT_TAX","A","1995",4.209,
"NLD","TAXPROPERTY","TOT","PC_TOT_TAX","A","1996",4.526,
"NLD","TAXPROPERTY","TOT","PC_TOT_TAX","A","1997",4.798,
"NLD","TAXPROPERTY","TOT","PC_TOT_TAX","A","1998",4.984,
"NLD","TAXPROPERTY","TOT","PC_TOT_TAX","A","1999",5.112,
"NLD","TAXPROPERTY","TOT","PC_TOT_TAX","A","2000",5.273,
"NLD","TAXPROPERTY","TOT","PC_TOT_TAX","A","2001",5.05,
"NLD","TAXPROPERTY","TOT","PC_TOT_TAX","A","2002",5.281,
"NLD","TAXPROPERTY","TOT","PC_TOT_TAX","A","2003",5.075,
"NLD","TAXPROPERTY","TOT","PC_TOT_TAX","A","2004",5.263,
"NLD","TAXPROPERTY","TOT","PC_TOT_TAX","A","2005",5.483,
"NLD","TAXPROPERTY","TOT","PC_TOT_TAX","A","2006",4.668,
"NLD","TAXPROPERTY","TOT","PC_TOT_TAX","A","2007",4.69,
"NLD","TAXPROPERTY","TOT","PC_TOT_TAX","A","2008",4.253,
"NLD","TAXPROPERTY","TOT","PC_TOT_TAX","A","2009",3.97,
"NLD","TAXPROPERTY","TOT","PC_TOT_TAX","A","2010",3.848,
"NLD","TAXPROPERTY","TOT","PC_TOT_TAX","A","2011",3.432,
"NLD","TAXPROPERTY","TOT","PC_TOT_TAX","A","2012",3.039,
"NLD","TAXPROPERTY","TOT","PC_TOT_TAX","A","2013",3.39,
"NLD","TAXPROPERTY","TOT","PC_TOT_TAX","A","2014",3.861,
"NLD","TAXPROPERTY","TOT","PC_TOT_TAX","A","2015",3.825,
"NLD","TAXPROPERTY","TOT","PC_TOT_TAX","A","2016",3.957,
"NLD","TAXPROPERTY","TOT","PC_TOT_TAX","A","2017",4.021,
"NLD","TAXPROPERTY","TOT","PC_TOT_TAX","A","2018",4.034,
"NZL","TAXPROPERTY","TOT","PC_TOT_TAX","A","1965",11.538,
"NZL","TAXPROPERTY","TOT","PC_TOT_TAX","A","1966",11.269,
"NZL","TAXPROPERTY","TOT","PC_TOT_TAX","A","1967",11.194,
"NZL","TAXPROPERTY","TOT","PC_TOT_TAX","A","1968",11.665,
"NZL","TAXPROPERTY","TOT","PC_TOT_TAX","A","1969",11.441,
"NZL","TAXPROPERTY","TOT","PC_TOT_TAX","A","1970",10.394,
"NZL","TAXPROPERTY","TOT","PC_TOT_TAX","A","1971",9.104,
"NZL","TAXPROPERTY","TOT","PC_TOT_TAX","A","1972",9.501,
"NZL","TAXPROPERTY","TOT","PC_TOT_TAX","A","1973",8.523,
"NZL","TAXPROPERTY","TOT","PC_TOT_TAX","A","1974",8.476,
"NZL","TAXPROPERTY","TOT","PC_TOT_TAX","A","1975",9.246,
"NZL","TAXPROPERTY","TOT","PC_TOT_TAX","A","1976",8.938,
"NZL","TAXPROPERTY","TOT","PC_TOT_TAX","A","1977",8.074,
"NZL","TAXPROPERTY","TOT","PC_TOT_TAX","A","1978",8.579,
"NZL","TAXPROPERTY","TOT","PC_TOT_TAX","A","1979",7.966,
"NZL","TAXPROPERTY","TOT","PC_TOT_TAX","A","1980",7.924,
"NZL","TAXPROPERTY","TOT","PC_TOT_TAX","A","1981",7.94,
"NZL","TAXPROPERTY","TOT","PC_TOT_TAX","A","1982",7.905,
"NZL","TAXPROPERTY","TOT","PC_TOT_TAX","A","1983",8.171,
"NZL","TAXPROPERTY","TOT","PC_TOT_TAX","A","1984",7.756,
"NZL","TAXPROPERTY","TOT","PC_TOT_TAX","A","1985",7.441,
"NZL","TAXPROPERTY","TOT","PC_TOT_TAX","A","1986",7.308,
"NZL","TAXPROPERTY","TOT","PC_TOT_TAX","A","1987",6.967,
"NZL","TAXPROPERTY","TOT","PC_TOT_TAX","A","1988",6.591,
"NZL","TAXPROPERTY","TOT","PC_TOT_TAX","A","1989",6.588,
"NZL","TAXPROPERTY","TOT","PC_TOT_TAX","A","1990",6.844,
"NZL","TAXPROPERTY","TOT","PC_TOT_TAX","A","1991",6.41,
"NZL","TAXPROPERTY","TOT","PC_TOT_TAX","A","1992",6.024,
"NZL","TAXPROPERTY","TOT","PC_TOT_TAX","A","1993",5.547,
"NZL","TAXPROPERTY","TOT","PC_TOT_TAX","A","1994",5.343,
"NZL","TAXPROPERTY","TOT","PC_TOT_TAX","A","1995",5.372,
"NZL","TAXPROPERTY","TOT","PC_TOT_TAX","A","1996",5.566,
"NZL","TAXPROPERTY","TOT","PC_TOT_TAX","A","1997",5.394,
"NZL","TAXPROPERTY","TOT","PC_TOT_TAX","A","1998",5.616,
"NZL","TAXPROPERTY","TOT","PC_TOT_TAX","A","1999",5.836,
"NZL","TAXPROPERTY","TOT","PC_TOT_TAX","A","2000",5.311,
"NZL","TAXPROPERTY","TOT","PC_TOT_TAX","A","2001",5.226,
"NZL","TAXPROPERTY","TOT","PC_TOT_TAX","A","2002",5.123,
"NZL","TAXPROPERTY","TOT","PC_TOT_TAX","A","2003",5.124,
"NZL","TAXPROPERTY","TOT","PC_TOT_TAX","A","2004",5.036,
"NZL","TAXPROPERTY","TOT","PC_TOT_TAX","A","2005",4.904,
"NZL","TAXPROPERTY","TOT","PC_TOT_TAX","A","2006",5.179,
"NZL","TAXPROPERTY","TOT","PC_TOT_TAX","A","2007",5.335,
"NZL","TAXPROPERTY","TOT","PC_TOT_TAX","A","2008",5.907,
"NZL","TAXPROPERTY","TOT","PC_TOT_TAX","A","2009",6.483,
"NZL","TAXPROPERTY","TOT","PC_TOT_TAX","A","2010",6.61,
"NZL","TAXPROPERTY","TOT","PC_TOT_TAX","A","2011",6.646,
"NZL","TAXPROPERTY","TOT","PC_TOT_TAX","A","2012",6.336,
"NZL","TAXPROPERTY","TOT","PC_TOT_TAX","A","2013",6.352,
"NZL","TAXPROPERTY","TOT","PC_TOT_TAX","A","2014",6.256,
"NZL","TAXPROPERTY","TOT","PC_TOT_TAX","A","2015",6.191,
"NZL","TAXPROPERTY","TOT","PC_TOT_TAX","A","2016",6.07,
"NZL","TAXPROPERTY","TOT","PC_TOT_TAX","A","2017",5.982,
"NZL","TAXPROPERTY","TOT","PC_TOT_TAX","A","2018",5.978,
"NOR","TAXPROPERTY","TOT","PC_TOT_TAX","A","1965",3.105,
"NOR","TAXPROPERTY","TOT","PC_TOT_TAX","A","1966",2.768,
"NOR","TAXPROPERTY","TOT","PC_TOT_TAX","A","1967",2.609,
"NOR","TAXPROPERTY","TOT","PC_TOT_TAX","A","1968",2.676,
"NOR","TAXPROPERTY","TOT","PC_TOT_TAX","A","1969",2.717,
"NOR","TAXPROPERTY","TOT","PC_TOT_TAX","A","1970",2.392,
"NOR","TAXPROPERTY","TOT","PC_TOT_TAX","A","1971",2.09,
"NOR","TAXPROPERTY","TOT","PC_TOT_TAX","A","1972",2.166,
"NOR","TAXPROPERTY","TOT","PC_TOT_TAX","A","1973",2.223,
"NOR","TAXPROPERTY","TOT","PC_TOT_TAX","A","1974",2.693,
"NOR","TAXPROPERTY","TOT","PC_TOT_TAX","A","1975",2.312,
"NOR","TAXPROPERTY","TOT","PC_TOT_TAX","A","1976",1.955,
"NOR","TAXPROPERTY","TOT","PC_TOT_TAX","A","1977",1.88,
"NOR","TAXPROPERTY","TOT","PC_TOT_TAX","A","1978",1.83,
"NOR","TAXPROPERTY","TOT","PC_TOT_TAX","A","1979",1.859,
"NOR","TAXPROPERTY","TOT","PC_TOT_TAX","A","1980",1.719,
"NOR","TAXPROPERTY","TOT","PC_TOT_TAX","A","1981",1.715,
"NOR","TAXPROPERTY","TOT","PC_TOT_TAX","A","1982",1.731,
"NOR","TAXPROPERTY","TOT","PC_TOT_TAX","A","1983",1.79,
"NOR","TAXPROPERTY","TOT","PC_TOT_TAX","A","1984",1.872,
"NOR","TAXPROPERTY","TOT","PC_TOT_TAX","A","1985",1.935,
"NOR","TAXPROPERTY","TOT","PC_TOT_TAX","A","1986",2.089,
"NOR","TAXPROPERTY","TOT","PC_TOT_TAX","A","1987",2.457,
"NOR","TAXPROPERTY","TOT","PC_TOT_TAX","A","1988",2.799,
"NOR","TAXPROPERTY","TOT","PC_TOT_TAX","A","1989",2.944,
"NOR","TAXPROPERTY","TOT","PC_TOT_TAX","A","1990",2.945,
"NOR","TAXPROPERTY","TOT","PC_TOT_TAX","A","1991",2.875,
"NOR","TAXPROPERTY","TOT","PC_TOT_TAX","A","1992",2.901,
"NOR","TAXPROPERTY","TOT","PC_TOT_TAX","A","1993",2.705,
"NOR","TAXPROPERTY","TOT","PC_TOT_TAX","A","1994",2.731,
"NOR","TAXPROPERTY","TOT","PC_TOT_TAX","A","1995",2.814,
"NOR","TAXPROPERTY","TOT","PC_TOT_TAX","A","1996",2.797,
"NOR","TAXPROPERTY","TOT","PC_TOT_TAX","A","1997",2.668,
"NOR","TAXPROPERTY","TOT","PC_TOT_TAX","A","1998",2.383,
"NOR","TAXPROPERTY","TOT","PC_TOT_TAX","A","1999",2.456,
"NOR","TAXPROPERTY","TOT","PC_TOT_TAX","A","2000",2.303,
"NOR","TAXPROPERTY","TOT","PC_TOT_TAX","A","2001",2.428,
"NOR","TAXPROPERTY","TOT","PC_TOT_TAX","A","2002",2.443,
"NOR","TAXPROPERTY","TOT","PC_TOT_TAX","A","2003",2.548,
"NOR","TAXPROPERTY","TOT","PC_TOT_TAX","A","2004",2.589,
"NOR","TAXPROPERTY","TOT","PC_TOT_TAX","A","2005",2.56,
"NOR","TAXPROPERTY","TOT","PC_TOT_TAX","A","2006",2.715,
"NOR","TAXPROPERTY","TOT","PC_TOT_TAX","A","2007",2.8,
"NOR","TAXPROPERTY","TOT","PC_TOT_TAX","A","2008",2.758,
"NOR","TAXPROPERTY","TOT","PC_TOT_TAX","A","2009",2.906,
"NOR","TAXPROPERTY","TOT","PC_TOT_TAX","A","2010",2.841,
"NOR","TAXPROPERTY","TOT","PC_TOT_TAX","A","2011",2.792,
"NOR","TAXPROPERTY","TOT","PC_TOT_TAX","A","2012",2.869,
"NOR","TAXPROPERTY","TOT","PC_TOT_TAX","A","2013",3.039,
"NOR","TAXPROPERTY","TOT","PC_TOT_TAX","A","2014",3.153,
"NOR","TAXPROPERTY","TOT","PC_TOT_TAX","A","2015",2.969,
"NOR","TAXPROPERTY","TOT","PC_TOT_TAX","A","2016",3.249,
"NOR","TAXPROPERTY","TOT","PC_TOT_TAX","A","2017",3.343,
"NOR","TAXPROPERTY","TOT","PC_TOT_TAX","A","2018",3.314,
"POL","TAXPROPERTY","TOT","PC_TOT_TAX","A","1991",3.933,
"POL","TAXPROPERTY","TOT","PC_TOT_TAX","A","1992",3.476,
"POL","TAXPROPERTY","TOT","PC_TOT_TAX","A","1993",3.443,
"POL","TAXPROPERTY","TOT","PC_TOT_TAX","A","1994",3.359,
"POL","TAXPROPERTY","TOT","PC_TOT_TAX","A","1995",3.462,
"POL","TAXPROPERTY","TOT","PC_TOT_TAX","A","1996",3.578,
"POL","TAXPROPERTY","TOT","PC_TOT_TAX","A","1997",3.74,
"POL","TAXPROPERTY","TOT","PC_TOT_TAX","A","1998",3.891,
"POL","TAXPROPERTY","TOT","PC_TOT_TAX","A","1999",4.136,
"POL","TAXPROPERTY","TOT","PC_TOT_TAX","A","2000",4.302,
"POL","TAXPROPERTY","TOT","PC_TOT_TAX","A","2001",5.081,
"POL","TAXPROPERTY","TOT","PC_TOT_TAX","A","2002",4.933,
"POL","TAXPROPERTY","TOT","PC_TOT_TAX","A","2003",4.682,
"POL","TAXPROPERTY","TOT","PC_TOT_TAX","A","2004",4.666,
"POL","TAXPROPERTY","TOT","PC_TOT_TAX","A","2005",4.51,
"POL","TAXPROPERTY","TOT","PC_TOT_TAX","A","2006",4.302,
"POL","TAXPROPERTY","TOT","PC_TOT_TAX","A","2007",4.163,
"POL","TAXPROPERTY","TOT","PC_TOT_TAX","A","2008",4.177,
"POL","TAXPROPERTY","TOT","PC_TOT_TAX","A","2009",4.306,
"POL","TAXPROPERTY","TOT","PC_TOT_TAX","A","2010",4.2,
"POL","TAXPROPERTY","TOT","PC_TOT_TAX","A","2011",4.026,
"POL","TAXPROPERTY","TOT","PC_TOT_TAX","A","2012",4.16,
"POL","TAXPROPERTY","TOT","PC_TOT_TAX","A","2013",4.368,
"POL","TAXPROPERTY","TOT","PC_TOT_TAX","A","2014",4.376,
"POL","TAXPROPERTY","TOT","PC_TOT_TAX","A","2015",4.23,
"POL","TAXPROPERTY","TOT","PC_TOT_TAX","A","2016",4.103,
"POL","TAXPROPERTY","TOT","PC_TOT_TAX","A","2017",3.991,
"POL","TAXPROPERTY","TOT","PC_TOT_TAX","A","2018",3.758,
"PRT","TAXPROPERTY","TOT","PC_TOT_TAX","A","1965",4.974,
"PRT","TAXPROPERTY","TOT","PC_TOT_TAX","A","1966",5.471,
"PRT","TAXPROPERTY","TOT","PC_TOT_TAX","A","1967",4.475,
"PRT","TAXPROPERTY","TOT","PC_TOT_TAX","A","1968",4.321,
"PRT","TAXPROPERTY","TOT","PC_TOT_TAX","A","1969",4.269,
"PRT","TAXPROPERTY","TOT","PC_TOT_TAX","A","1970",3.976,
"PRT","TAXPROPERTY","TOT","PC_TOT_TAX","A","1971",4.218,
"PRT","TAXPROPERTY","TOT","PC_TOT_TAX","A","1972",4.26,
"PRT","TAXPROPERTY","TOT","PC_TOT_TAX","A","1973",4.684,
"PRT","TAXPROPERTY","TOT","PC_TOT_TAX","A","1974",4.16,
"PRT","TAXPROPERTY","TOT","PC_TOT_TAX","A","1975",2.502,
"PRT","TAXPROPERTY","TOT","PC_TOT_TAX","A","1976",1.639,
"PRT","TAXPROPERTY","TOT","PC_TOT_TAX","A","1977",1.64,
"PRT","TAXPROPERTY","TOT","PC_TOT_TAX","A","1978",1.466,
"PRT","TAXPROPERTY","TOT","PC_TOT_TAX","A","1979",1.493,
"PRT","TAXPROPERTY","TOT","PC_TOT_TAX","A","1980",1.427,
"PRT","TAXPROPERTY","TOT","PC_TOT_TAX","A","1981",1.459,
"PRT","TAXPROPERTY","TOT","PC_TOT_TAX","A","1982",1.471,
"PRT","TAXPROPERTY","TOT","PC_TOT_TAX","A","1983",1.754,
"PRT","TAXPROPERTY","TOT","PC_TOT_TAX","A","1984",1.741,
"PRT","TAXPROPERTY","TOT","PC_TOT_TAX","A","1985",1.895,
"PRT","TAXPROPERTY","TOT","PC_TOT_TAX","A","1986",1.829,
"PRT","TAXPROPERTY","TOT","PC_TOT_TAX","A","1987",2.02,
"PRT","TAXPROPERTY","TOT","PC_TOT_TAX","A","1988",1.901,
"PRT","TAXPROPERTY","TOT","PC_TOT_TAX","A","1989",1.515,
"PRT","TAXPROPERTY","TOT","PC_TOT_TAX","A","1990",2.712,
"PRT","TAXPROPERTY","TOT","PC_TOT_TAX","A","1991",2.681,
"PRT","TAXPROPERTY","TOT","PC_TOT_TAX","A","1992",2.316,
"PRT","TAXPROPERTY","TOT","PC_TOT_TAX","A","1993",2.436,
"PRT","TAXPROPERTY","TOT","PC_TOT_TAX","A","1994",2.398,
"PRT","TAXPROPERTY","TOT","PC_TOT_TAX","A","1995",3.166,
"PRT","TAXPROPERTY","TOT","PC_TOT_TAX","A","1996",2.917,
"PRT","TAXPROPERTY","TOT","PC_TOT_TAX","A","1997",2.942,
"PRT","TAXPROPERTY","TOT","PC_TOT_TAX","A","1998",3.325,
"PRT","TAXPROPERTY","TOT","PC_TOT_TAX","A","1999",3.735,
"PRT","TAXPROPERTY","TOT","PC_TOT_TAX","A","2000",3.68,
"PRT","TAXPROPERTY","TOT","PC_TOT_TAX","A","2001",3.465,
"PRT","TAXPROPERTY","TOT","PC_TOT_TAX","A","2002",3.642,
"PRT","TAXPROPERTY","TOT","PC_TOT_TAX","A","2003",3.533,
"PRT","TAXPROPERTY","TOT","PC_TOT_TAX","A","2004",3.523,
"PRT","TAXPROPERTY","TOT","PC_TOT_TAX","A","2005",3.668,
"PRT","TAXPROPERTY","TOT","PC_TOT_TAX","A","2006",3.809,
"PRT","TAXPROPERTY","TOT","PC_TOT_TAX","A","2007",4.092,
"PRT","TAXPROPERTY","TOT","PC_TOT_TAX","A","2008",3.758,
"PRT","TAXPROPERTY","TOT","PC_TOT_TAX","A","2009",3.629,
"PRT","TAXPROPERTY","TOT","PC_TOT_TAX","A","2010",3.537,
"PRT","TAXPROPERTY","TOT","PC_TOT_TAX","A","2011",3.417,
"PRT","TAXPROPERTY","TOT","PC_TOT_TAX","A","2012",3.304,
"PRT","TAXPROPERTY","TOT","PC_TOT_TAX","A","2013",3.285,
"PRT","TAXPROPERTY","TOT","PC_TOT_TAX","A","2014",3.589,
"PRT","TAXPROPERTY","TOT","PC_TOT_TAX","A","2015",3.718,
"PRT","TAXPROPERTY","TOT","PC_TOT_TAX","A","2016",3.702,
"PRT","TAXPROPERTY","TOT","PC_TOT_TAX","A","2017",3.944,
"PRT","TAXPROPERTY","TOT","PC_TOT_TAX","A","2018",4.068,
"SVK","TAXPROPERTY","TOT","PC_TOT_TAX","A","1995",1.423,
"SVK","TAXPROPERTY","TOT","PC_TOT_TAX","A","1996",1.694,
"SVK","TAXPROPERTY","TOT","PC_TOT_TAX","A","1997",1.77,
"SVK","TAXPROPERTY","TOT","PC_TOT_TAX","A","1998",1.753,
"SVK","TAXPROPERTY","TOT","PC_TOT_TAX","A","1999",1.834,
"SVK","TAXPROPERTY","TOT","PC_TOT_TAX","A","2000",1.823,
"SVK","TAXPROPERTY","TOT","PC_TOT_TAX","A","2001",1.769,
"SVK","TAXPROPERTY","TOT","PC_TOT_TAX","A","2002",1.785,
"SVK","TAXPROPERTY","TOT","PC_TOT_TAX","A","2003",1.749,
"SVK","TAXPROPERTY","TOT","PC_TOT_TAX","A","2004",1.705,
"SVK","TAXPROPERTY","TOT","PC_TOT_TAX","A","2005",1.569,
"SVK","TAXPROPERTY","TOT","PC_TOT_TAX","A","2006",1.486,
"SVK","TAXPROPERTY","TOT","PC_TOT_TAX","A","2007",1.329,
"SVK","TAXPROPERTY","TOT","PC_TOT_TAX","A","2008",1.263,
"SVK","TAXPROPERTY","TOT","PC_TOT_TAX","A","2009",1.445,
"SVK","TAXPROPERTY","TOT","PC_TOT_TAX","A","2010",1.461,
"SVK","TAXPROPERTY","TOT","PC_TOT_TAX","A","2011",1.415,
"SVK","TAXPROPERTY","TOT","PC_TOT_TAX","A","2012",1.534,
"SVK","TAXPROPERTY","TOT","PC_TOT_TAX","A","2013",1.458,
"SVK","TAXPROPERTY","TOT","PC_TOT_TAX","A","2014",1.396,
"SVK","TAXPROPERTY","TOT","PC_TOT_TAX","A","2015",1.32,
"SVK","TAXPROPERTY","TOT","PC_TOT_TAX","A","2016",1.325,
"SVK","TAXPROPERTY","TOT","PC_TOT_TAX","A","2017",1.284,
"SVK","TAXPROPERTY","TOT","PC_TOT_TAX","A","2018",1.238,
"ESP","TAXPROPERTY","TOT","PC_TOT_TAX","A","1965",6.363,
"ESP","TAXPROPERTY","TOT","PC_TOT_TAX","A","1966",6.416,
"ESP","TAXPROPERTY","TOT","PC_TOT_TAX","A","1967",5.278,
"ESP","TAXPROPERTY","TOT","PC_TOT_TAX","A","1968",5.835,
"ESP","TAXPROPERTY","TOT","PC_TOT_TAX","A","1969",6.159,
"ESP","TAXPROPERTY","TOT","PC_TOT_TAX","A","1970",6.515,
"ESP","TAXPROPERTY","TOT","PC_TOT_TAX","A","1971",6.371,
"ESP","TAXPROPERTY","TOT","PC_TOT_TAX","A","1972",6.684,
"ESP","TAXPROPERTY","TOT","PC_TOT_TAX","A","1973",6.579,
"ESP","TAXPROPERTY","TOT","PC_TOT_TAX","A","1974",6.936,
"ESP","TAXPROPERTY","TOT","PC_TOT_TAX","A","1975",6.309,
"ESP","TAXPROPERTY","TOT","PC_TOT_TAX","A","1976",5.875,
"ESP","TAXPROPERTY","TOT","PC_TOT_TAX","A","1977",5.344,
"ESP","TAXPROPERTY","TOT","PC_TOT_TAX","A","1978",5.158,
"ESP","TAXPROPERTY","TOT","PC_TOT_TAX","A","1979",5.015,
"ESP","TAXPROPERTY","TOT","PC_TOT_TAX","A","1980",4.563,
"ESP","TAXPROPERTY","TOT","PC_TOT_TAX","A","1981",5.945,
"ESP","TAXPROPERTY","TOT","PC_TOT_TAX","A","1982",6.481,
"ESP","TAXPROPERTY","TOT","PC_TOT_TAX","A","1983",6.391,
"ESP","TAXPROPERTY","TOT","PC_TOT_TAX","A","1984",6.217,
"ESP","TAXPROPERTY","TOT","PC_TOT_TAX","A","1985",5.938,
"ESP","TAXPROPERTY","TOT","PC_TOT_TAX","A","1986",5.106,
"ESP","TAXPROPERTY","TOT","PC_TOT_TAX","A","1987",4.866,
"ESP","TAXPROPERTY","TOT","PC_TOT_TAX","A","1988",5.255,
"ESP","TAXPROPERTY","TOT","PC_TOT_TAX","A","1989",5.065,
"ESP","TAXPROPERTY","TOT","PC_TOT_TAX","A","1990",5.516,
"ESP","TAXPROPERTY","TOT","PC_TOT_TAX","A","1991",4.956,
"ESP","TAXPROPERTY","TOT","PC_TOT_TAX","A","1992",4.793,
"ESP","TAXPROPERTY","TOT","PC_TOT_TAX","A","1993",5.018,
"ESP","TAXPROPERTY","TOT","PC_TOT_TAX","A","1994",5.633,
"ESP","TAXPROPERTY","TOT","PC_TOT_TAX","A","1995",5.602,
"ESP","TAXPROPERTY","TOT","PC_TOT_TAX","A","1996",5.448,
"ESP","TAXPROPERTY","TOT","PC_TOT_TAX","A","1997",5.821,
"ESP","TAXPROPERTY","TOT","PC_TOT_TAX","A","1998",6.067,
"ESP","TAXPROPERTY","TOT","PC_TOT_TAX","A","1999",6.287,
"ESP","TAXPROPERTY","TOT","PC_TOT_TAX","A","2000",6.431,
"ESP","TAXPROPERTY","TOT","PC_TOT_TAX","A","2001",6.354,
"ESP","TAXPROPERTY","TOT","PC_TOT_TAX","A","2002",6.678,
"ESP","TAXPROPERTY","TOT","PC_TOT_TAX","A","2003",7.397,
"ESP","TAXPROPERTY","TOT","PC_TOT_TAX","A","2004",7.975,
"ESP","TAXPROPERTY","TOT","PC_TOT_TAX","A","2005",8.53,
"ESP","TAXPROPERTY","TOT","PC_TOT_TAX","A","2006",8.886,
"ESP","TAXPROPERTY","TOT","PC_TOT_TAX","A","2007",8.179,
"ESP","TAXPROPERTY","TOT","PC_TOT_TAX","A","2008",7.147,
"ESP","TAXPROPERTY","TOT","PC_TOT_TAX","A","2009",6.77,
"ESP","TAXPROPERTY","TOT","PC_TOT_TAX","A","2010",6.603,
"ESP","TAXPROPERTY","TOT","PC_TOT_TAX","A","2011",6.235,
"ESP","TAXPROPERTY","TOT","PC_TOT_TAX","A","2012",6.53,
"ESP","TAXPROPERTY","TOT","PC_TOT_TAX","A","2013",7.171,
"ESP","TAXPROPERTY","TOT","PC_TOT_TAX","A","2014",7.468,
"ESP","TAXPROPERTY","TOT","PC_TOT_TAX","A","2015",7.642,
"ESP","TAXPROPERTY","TOT","PC_TOT_TAX","A","2016",7.66,
"ESP","TAXPROPERTY","TOT","PC_TOT_TAX","A","2017",7.486,
"ESP","TAXPROPERTY","TOT","PC_TOT_TAX","A","2018",7.26,
"SWE","TAXPROPERTY","TOT","PC_TOT_TAX","A","1965",1.78,
"SWE","TAXPROPERTY","TOT","PC_TOT_TAX","A","1966",1.603,
"SWE","TAXPROPERTY","TOT","PC_TOT_TAX","A","1967",1.608,
"SWE","TAXPROPERTY","TOT","PC_TOT_TAX","A","1968",1.571,
"SWE","TAXPROPERTY","TOT","PC_TOT_TAX","A","1969",1.502,
"SWE","TAXPROPERTY","TOT","PC_TOT_TAX","A","1970",1.452,
"SWE","TAXPROPERTY","TOT","PC_TOT_TAX","A","1971",1.301,
"SWE","TAXPROPERTY","TOT","PC_TOT_TAX","A","1972",1.254,
"SWE","TAXPROPERTY","TOT","PC_TOT_TAX","A","1973",1.241,
"SWE","TAXPROPERTY","TOT","PC_TOT_TAX","A","1974",1.007,
"SWE","TAXPROPERTY","TOT","PC_TOT_TAX","A","1975",1.113,
"SWE","TAXPROPERTY","TOT","PC_TOT_TAX","A","1976",1.051,
"SWE","TAXPROPERTY","TOT","PC_TOT_TAX","A","1977",0.9,
"SWE","TAXPROPERTY","TOT","PC_TOT_TAX","A","1978",0.833,
"SWE","TAXPROPERTY","TOT","PC_TOT_TAX","A","1979",0.912,
"SWE","TAXPROPERTY","TOT","PC_TOT_TAX","A","1980",0.935,
"SWE","TAXPROPERTY","TOT","PC_TOT_TAX","A","1981",0.885,
"SWE","TAXPROPERTY","TOT","PC_TOT_TAX","A","1982",1.015,
"SWE","TAXPROPERTY","TOT","PC_TOT_TAX","A","1983",1.666,
"SWE","TAXPROPERTY","TOT","PC_TOT_TAX","A","1984",1.635,
"SWE","TAXPROPERTY","TOT","PC_TOT_TAX","A","1985",2.343,
"SWE","TAXPROPERTY","TOT","PC_TOT_TAX","A","1986",2.8,
"SWE","TAXPROPERTY","TOT","PC_TOT_TAX","A","1987",5.782,
"SWE","TAXPROPERTY","TOT","PC_TOT_TAX","A","1988",3.12,
"SWE","TAXPROPERTY","TOT","PC_TOT_TAX","A","1989",3.349,
"SWE","TAXPROPERTY","TOT","PC_TOT_TAX","A","1990",3.523,
"SWE","TAXPROPERTY","TOT","PC_TOT_TAX","A","1991",4.03,
"SWE","TAXPROPERTY","TOT","PC_TOT_TAX","A","1992",3.582,
"SWE","TAXPROPERTY","TOT","PC_TOT_TAX","A","1993",3.207,
"SWE","TAXPROPERTY","TOT","PC_TOT_TAX","A","1994",3.207,
"SWE","TAXPROPERTY","TOT","PC_TOT_TAX","A","1995",2.707,
"SWE","TAXPROPERTY","TOT","PC_TOT_TAX","A","1996",3.628,
"SWE","TAXPROPERTY","TOT","PC_TOT_TAX","A","1997",3.79,
"SWE","TAXPROPERTY","TOT","PC_TOT_TAX","A","1998",3.583,
"SWE","TAXPROPERTY","TOT","PC_TOT_TAX","A","1999",3.531,
"SWE","TAXPROPERTY","TOT","PC_TOT_TAX","A","2000",3.421,
"SWE","TAXPROPERTY","TOT","PC_TOT_TAX","A","2001",3.166,
"SWE","TAXPROPERTY","TOT","PC_TOT_TAX","A","2002",3.218,
"SWE","TAXPROPERTY","TOT","PC_TOT_TAX","A","2003",3.17,
"SWE","TAXPROPERTY","TOT","PC_TOT_TAX","A","2004",3.177,
"SWE","TAXPROPERTY","TOT","PC_TOT_TAX","A","2005",2.96,
"SWE","TAXPROPERTY","TOT","PC_TOT_TAX","A","2006",2.948,
"SWE","TAXPROPERTY","TOT","PC_TOT_TAX","A","2007",2.443,
"SWE","TAXPROPERTY","TOT","PC_TOT_TAX","A","2008",2.322,
"SWE","TAXPROPERTY","TOT","PC_TOT_TAX","A","2009",2.365,
"SWE","TAXPROPERTY","TOT","PC_TOT_TAX","A","2010",2.4,
"SWE","TAXPROPERTY","TOT","PC_TOT_TAX","A","2011",2.35,
"SWE","TAXPROPERTY","TOT","PC_TOT_TAX","A","2012",2.394,
"SWE","TAXPROPERTY","TOT","PC_TOT_TAX","A","2013",2.546,
"SWE","TAXPROPERTY","TOT","PC_TOT_TAX","A","2014",2.501,
"SWE","TAXPROPERTY","TOT","PC_TOT_TAX","A","2015",2.424,
"SWE","TAXPROPERTY","TOT","PC_TOT_TAX","A","2016",2.386,
"SWE","TAXPROPERTY","TOT","PC_TOT_TAX","A","2017",2.237,
"SWE","TAXPROPERTY","TOT","PC_TOT_TAX","A","2018",2.165,
"CHE","TAXPROPERTY","TOT","PC_TOT_TAX","A","1965",9.86,
"CHE","TAXPROPERTY","TOT","PC_TOT_TAX","A","1966",9.435,
"CHE","TAXPROPERTY","TOT","PC_TOT_TAX","A","1967",9.631,
"CHE","TAXPROPERTY","TOT","PC_TOT_TAX","A","1968",9.968,
"CHE","TAXPROPERTY","TOT","PC_TOT_TAX","A","1969",9.759,
"CHE","TAXPROPERTY","TOT","PC_TOT_TAX","A","1970",9.886,
"CHE","TAXPROPERTY","TOT","PC_TOT_TAX","A","1971",9.937,
"CHE","TAXPROPERTY","TOT","PC_TOT_TAX","A","1972",9.822,
"CHE","TAXPROPERTY","TOT","PC_TOT_TAX","A","1973",8.917,
"CHE","TAXPROPERTY","TOT","PC_TOT_TAX","A","1974",8.332,
"CHE","TAXPROPERTY","TOT","PC_TOT_TAX","A","1975",8.019,
"CHE","TAXPROPERTY","TOT","PC_TOT_TAX","A","1976",7.879,
"CHE","TAXPROPERTY","TOT","PC_TOT_TAX","A","1977",8.039,
"CHE","TAXPROPERTY","TOT","PC_TOT_TAX","A","1978",8.089,
"CHE","TAXPROPERTY","TOT","PC_TOT_TAX","A","1979",8.342,
"CHE","TAXPROPERTY","TOT","PC_TOT_TAX","A","1980",8.257,
"CHE","TAXPROPERTY","TOT","PC_TOT_TAX","A","1981",8.372,
"CHE","TAXPROPERTY","TOT","PC_TOT_TAX","A","1982",8.445,
"CHE","TAXPROPERTY","TOT","PC_TOT_TAX","A","1983",8.763,
"CHE","TAXPROPERTY","TOT","PC_TOT_TAX","A","1984",8.654,
"CHE","TAXPROPERTY","TOT","PC_TOT_TAX","A","1985",9.327,
"CHE","TAXPROPERTY","TOT","PC_TOT_TAX","A","1986",9.618,
"CHE","TAXPROPERTY","TOT","PC_TOT_TAX","A","1987",9.748,
"CHE","TAXPROPERTY","TOT","PC_TOT_TAX","A","1988",9.497,
"CHE","TAXPROPERTY","TOT","PC_TOT_TAX","A","1989",9.91,
"CHE","TAXPROPERTY","TOT","PC_TOT_TAX","A","1990",8.886,
"CHE","TAXPROPERTY","TOT","PC_TOT_TAX","A","1991",8.172,
"CHE","TAXPROPERTY","TOT","PC_TOT_TAX","A","1992",8.15,
"CHE","TAXPROPERTY","TOT","PC_TOT_TAX","A","1993",8.467,
"CHE","TAXPROPERTY","TOT","PC_TOT_TAX","A","1994",8.608,
"CHE","TAXPROPERTY","TOT","PC_TOT_TAX","A","1995",8.112,
"CHE","TAXPROPERTY","TOT","PC_TOT_TAX","A","1996",8.373,
"CHE","TAXPROPERTY","TOT","PC_TOT_TAX","A","1997",8.842,
"CHE","TAXPROPERTY","TOT","PC_TOT_TAX","A","1998",9.624,
"CHE","TAXPROPERTY","TOT","PC_TOT_TAX","A","1999",9.982,
"CHE","TAXPROPERTY","TOT","PC_TOT_TAX","A","2000",9.667,
"CHE","TAXPROPERTY","TOT","PC_TOT_TAX","A","2001",9.442,
"CHE","TAXPROPERTY","TOT","PC_TOT_TAX","A","2002",9.049,
"CHE","TAXPROPERTY","TOT","PC_TOT_TAX","A","2003",8.781,
"CHE","TAXPROPERTY","TOT","PC_TOT_TAX","A","2004",8.999,
"CHE","TAXPROPERTY","TOT","PC_TOT_TAX","A","2005",8.414,
"CHE","TAXPROPERTY","TOT","PC_TOT_TAX","A","2006",8.411,
"CHE","TAXPROPERTY","TOT","PC_TOT_TAX","A","2007",8.046,
"CHE","TAXPROPERTY","TOT","PC_TOT_TAX","A","2008",7.624,
"CHE","TAXPROPERTY","TOT","PC_TOT_TAX","A","2009",7.66,
"CHE","TAXPROPERTY","TOT","PC_TOT_TAX","A","2010",7.608,
"CHE","TAXPROPERTY","TOT","PC_TOT_TAX","A","2011",7.287,
"CHE","TAXPROPERTY","TOT","PC_TOT_TAX","A","2012",6.813,
"CHE","TAXPROPERTY","TOT","PC_TOT_TAX","A","2013",6.936,
"CHE","TAXPROPERTY","TOT","PC_TOT_TAX","A","2014",7.147,
"CHE","TAXPROPERTY","TOT","PC_TOT_TAX","A","2015",7.234,
"CHE","TAXPROPERTY","TOT","PC_TOT_TAX","A","2016",7.355,
"CHE","TAXPROPERTY","TOT","PC_TOT_TAX","A","2017",7.558,
"CHE","TAXPROPERTY","TOT","PC_TOT_TAX","A","2018",7.623,
"TUR","TAXPROPERTY","TOT","PC_TOT_TAX","A","1965",10.529,
"TUR","TAXPROPERTY","TOT","PC_TOT_TAX","A","1966",10.092,
"TUR","TAXPROPERTY","TOT","PC_TOT_TAX","A","1967",10.042,
"TUR","TAXPROPERTY","TOT","PC_TOT_TAX","A","1968",10.821,
"TUR","TAXPROPERTY","TOT","PC_TOT_TAX","A","1969",10.534,
"TUR","TAXPROPERTY","TOT","PC_TOT_TAX","A","1970",10.843,
"TUR","TAXPROPERTY","TOT","PC_TOT_TAX","A","1971",9.435,
"TUR","TAXPROPERTY","TOT","PC_TOT_TAX","A","1972",8.581,
"TUR","TAXPROPERTY","TOT","PC_TOT_TAX","A","1973",8.075,
"TUR","TAXPROPERTY","TOT","PC_TOT_TAX","A","1974",7.538,
"TUR","TAXPROPERTY","TOT","PC_TOT_TAX","A","1975",6.855,
"TUR","TAXPROPERTY","TOT","PC_TOT_TAX","A","1976",6.975,
"TUR","TAXPROPERTY","TOT","PC_TOT_TAX","A","1977",8.272,
"TUR","TAXPROPERTY","TOT","PC_TOT_TAX","A","1978",7.166,
"TUR","TAXPROPERTY","TOT","PC_TOT_TAX","A","1979",5.946,
"TUR","TAXPROPERTY","TOT","PC_TOT_TAX","A","1980",5.418,
"TUR","TAXPROPERTY","TOT","PC_TOT_TAX","A","1981",5.535,
"TUR","TAXPROPERTY","TOT","PC_TOT_TAX","A","1982",5.206,
"TUR","TAXPROPERTY","TOT","PC_TOT_TAX","A","1983",4.949,
"TUR","TAXPROPERTY","TOT","PC_TOT_TAX","A","1984",4.716,
"TUR","TAXPROPERTY","TOT","PC_TOT_TAX","A","1985",4.579,
"TUR","TAXPROPERTY","TOT","PC_TOT_TAX","A","1986",3.292,
"TUR","TAXPROPERTY","TOT","PC_TOT_TAX","A","1987",3.191,
"TUR","TAXPROPERTY","TOT","PC_TOT_TAX","A","1988",2.783,
"TUR","TAXPROPERTY","TOT","PC_TOT_TAX","A","1989",2.458,
"TUR","TAXPROPERTY","TOT","PC_TOT_TAX","A","1990",2.275,
"TUR","TAXPROPERTY","TOT","PC_TOT_TAX","A","1991",2.233,
"TUR","TAXPROPERTY","TOT","PC_TOT_TAX","A","1992",2.037,
"TUR","TAXPROPERTY","TOT","PC_TOT_TAX","A","1993",2.142,
"TUR","TAXPROPERTY","TOT","PC_TOT_TAX","A","1994",8.089,
"TUR","TAXPROPERTY","TOT","PC_TOT_TAX","A","1995",3.049,
"TUR","TAXPROPERTY","TOT","PC_TOT_TAX","A","1996",1.795,
"TUR","TAXPROPERTY","TOT","PC_TOT_TAX","A","1997",2.699,
"TUR","TAXPROPERTY","TOT","PC_TOT_TAX","A","1998",3.454,
"TUR","TAXPROPERTY","TOT","PC_TOT_TAX","A","1999",2.821,
"TUR","TAXPROPERTY","TOT","PC_TOT_TAX","A","2000",3.158,
"TUR","TAXPROPERTY","TOT","PC_TOT_TAX","A","2001",2.429,
"TUR","TAXPROPERTY","TOT","PC_TOT_TAX","A","2002",2.865,
"TUR","TAXPROPERTY","TOT","PC_TOT_TAX","A","2003",3.247,
"TUR","TAXPROPERTY","TOT","PC_TOT_TAX","A","2004",3.057,
"TUR","TAXPROPERTY","TOT","PC_TOT_TAX","A","2005",3.337,
"TUR","TAXPROPERTY","TOT","PC_TOT_TAX","A","2006",3.569,
"TUR","TAXPROPERTY","TOT","PC_TOT_TAX","A","2007",3.753,
"TUR","TAXPROPERTY","TOT","PC_TOT_TAX","A","2008",3.634,
"TUR","TAXPROPERTY","TOT","PC_TOT_TAX","A","2009",3.63,
"TUR","TAXPROPERTY","TOT","PC_TOT_TAX","A","2010",4.059,
"TUR","TAXPROPERTY","TOT","PC_TOT_TAX","A","2011",4.059,
"TUR","TAXPROPERTY","TOT","PC_TOT_TAX","A","2012",4.217,
"TUR","TAXPROPERTY","TOT","PC_TOT_TAX","A","2013",4.639,
"TUR","TAXPROPERTY","TOT","PC_TOT_TAX","A","2014",4.87,
"TUR","TAXPROPERTY","TOT","PC_TOT_TAX","A","2015",4.871,
"TUR","TAXPROPERTY","TOT","PC_TOT_TAX","A","2016",4.829,
"TUR","TAXPROPERTY","TOT","PC_TOT_TAX","A","2017",4.507,
"TUR","TAXPROPERTY","TOT","PC_TOT_TAX","A","2018",4.32,
"GBR","TAXPROPERTY","TOT","PC_TOT_TAX","A","1965",14.536,
"GBR","TAXPROPERTY","TOT","PC_TOT_TAX","A","1966",14.582,
"GBR","TAXPROPERTY","TOT","PC_TOT_TAX","A","1967",14.077,
"GBR","TAXPROPERTY","TOT","PC_TOT_TAX","A","1968",13.849,
"GBR","TAXPROPERTY","TOT","PC_TOT_TAX","A","1969",13.375,
"GBR","TAXPROPERTY","TOT","PC_TOT_TAX","A","1970",12.463,
"GBR","TAXPROPERTY","TOT","PC_TOT_TAX","A","1971",13.284,
"GBR","TAXPROPERTY","TOT","PC_TOT_TAX","A","1972",14.725,
"GBR","TAXPROPERTY","TOT","PC_TOT_TAX","A","1973",13.574,
"GBR","TAXPROPERTY","TOT","PC_TOT_TAX","A","1974",12.754,
"GBR","TAXPROPERTY","TOT","PC_TOT_TAX","A","1975",12.709,
"GBR","TAXPROPERTY","TOT","PC_TOT_TAX","A","1976",12.201,
"GBR","TAXPROPERTY","TOT","PC_TOT_TAX","A","1977",12.02,
"GBR","TAXPROPERTY","TOT","PC_TOT_TAX","A","1978",11.992,
"GBR","TAXPROPERTY","TOT","PC_TOT_TAX","A","1979",12.42,
"GBR","TAXPROPERTY","TOT","PC_TOT_TAX","A","1980",12.044,
"GBR","TAXPROPERTY","TOT","PC_TOT_TAX","A","1981",13.335,
"GBR","TAXPROPERTY","TOT","PC_TOT_TAX","A","1982",12.796,
"GBR","TAXPROPERTY","TOT","PC_TOT_TAX","A","1983",12.335,
"GBR","TAXPROPERTY","TOT","PC_TOT_TAX","A","1984",11.961,
"GBR","TAXPROPERTY","TOT","PC_TOT_TAX","A","1985",11.972,
"GBR","TAXPROPERTY","TOT","PC_TOT_TAX","A","1986",12.421,
"GBR","TAXPROPERTY","TOT","PC_TOT_TAX","A","1987",13.165,
"GBR","TAXPROPERTY","TOT","PC_TOT_TAX","A","1988",12.916,
"GBR","TAXPROPERTY","TOT","PC_TOT_TAX","A","1989",12.662,
"GBR","TAXPROPERTY","TOT","PC_TOT_TAX","A","1990",8.172,
"GBR","TAXPROPERTY","TOT","PC_TOT_TAX","A","1991",7.488,
"GBR","TAXPROPERTY","TOT","PC_TOT_TAX","A","1992",7.358,
"GBR","TAXPROPERTY","TOT","PC_TOT_TAX","A","1993",10.024,
"GBR","TAXPROPERTY","TOT","PC_TOT_TAX","A","1994",10.44,
"GBR","TAXPROPERTY","TOT","PC_TOT_TAX","A","1995",10.029,
"GBR","TAXPROPERTY","TOT","PC_TOT_TAX","A","1996",10.28,
"GBR","TAXPROPERTY","TOT","PC_TOT_TAX","A","1997",10.425,
"GBR","TAXPROPERTY","TOT","PC_TOT_TAX","A","1998",10.445,
"GBR","TAXPROPERTY","TOT","PC_TOT_TAX","A","1999",10.846,
"GBR","TAXPROPERTY","TOT","PC_TOT_TAX","A","2000",11.469,
"GBR","TAXPROPERTY","TOT","PC_TOT_TAX","A","2001",11.481,
"GBR","TAXPROPERTY","TOT","PC_TOT_TAX","A","2002",11.963,
"GBR","TAXPROPERTY","TOT","PC_TOT_TAX","A","2003",11.892,
"GBR","TAXPROPERTY","TOT","PC_TOT_TAX","A","2004",11.89,
"GBR","TAXPROPERTY","TOT","PC_TOT_TAX","A","2005",11.864,
"GBR","TAXPROPERTY","TOT","PC_TOT_TAX","A","2006",12.368,
"GBR","TAXPROPERTY","TOT","PC_TOT_TAX","A","2007",12.475,
"GBR","TAXPROPERTY","TOT","PC_TOT_TAX","A","2008",11.776,
"GBR","TAXPROPERTY","TOT","PC_TOT_TAX","A","2009",12.17,
"GBR","TAXPROPERTY","TOT","PC_TOT_TAX","A","2010",12.014,
"GBR","TAXPROPERTY","TOT","PC_TOT_TAX","A","2011",11.636,
"GBR","TAXPROPERTY","TOT","PC_TOT_TAX","A","2012",11.896,
"GBR","TAXPROPERTY","TOT","PC_TOT_TAX","A","2013",12.359,
"GBR","TAXPROPERTY","TOT","PC_TOT_TAX","A","2014",12.724,
"GBR","TAXPROPERTY","TOT","PC_TOT_TAX","A","2015",12.558,
"GBR","TAXPROPERTY","TOT","PC_TOT_TAX","A","2016",12.62,
"GBR","TAXPROPERTY","TOT","PC_TOT_TAX","A","2017",12.547,
"GBR","TAXPROPERTY","TOT","PC_TOT_TAX","A","2018",12.335,
"USA","TAXPROPERTY","TOT","PC_TOT_TAX","A","1965",15.884,
"USA","TAXPROPERTY","TOT","PC_TOT_TAX","A","1966",15.456,
"USA","TAXPROPERTY","TOT","PC_TOT_TAX","A","1967",14.523,
"USA","TAXPROPERTY","TOT","PC_TOT_TAX","A","1968",14.676,
"USA","TAXPROPERTY","TOT","PC_TOT_TAX","A","1969",13.646,
"USA","TAXPROPERTY","TOT","PC_TOT_TAX","A","1970",14.152,
"USA","TAXPROPERTY","TOT","PC_TOT_TAX","A","1971",15.477,
"USA","TAXPROPERTY","TOT","PC_TOT_TAX","A","1972",15.791,
"USA","TAXPROPERTY","TOT","PC_TOT_TAX","A","1973",14.984,
"USA","TAXPROPERTY","TOT","PC_TOT_TAX","A","1974",14.062,
"USA","TAXPROPERTY","TOT","PC_TOT_TAX","A","1975",13.948,
"USA","TAXPROPERTY","TOT","PC_TOT_TAX","A","1976",14.283,
"USA","TAXPROPERTY","TOT","PC_TOT_TAX","A","1977",13.746,
"USA","TAXPROPERTY","TOT","PC_TOT_TAX","A","1978",12.63,
"USA","TAXPROPERTY","TOT","PC_TOT_TAX","A","1979",11.05,
"USA","TAXPROPERTY","TOT","PC_TOT_TAX","A","1980",10.663,
"USA","TAXPROPERTY","TOT","PC_TOT_TAX","A","1981",10.187,
"USA","TAXPROPERTY","TOT","PC_TOT_TAX","A","1982",10.671,
"USA","TAXPROPERTY","TOT","PC_TOT_TAX","A","1983",11.291,
"USA","TAXPROPERTY","TOT","PC_TOT_TAX","A","1984",10.879,
"USA","TAXPROPERTY","TOT","PC_TOT_TAX","A","1985",10.664,
"USA","TAXPROPERTY","TOT","PC_TOT_TAX","A","1986",10.913,
"USA","TAXPROPERTY","TOT","PC_TOT_TAX","A","1987",10.781,
"USA","TAXPROPERTY","TOT","PC_TOT_TAX","A","1988",10.908,
"USA","TAXPROPERTY","TOT","PC_TOT_TAX","A","1989",10.861,
"USA","TAXPROPERTY","TOT","PC_TOT_TAX","A","1990",11.75,
"USA","TAXPROPERTY","TOT","PC_TOT_TAX","A","1991",12.356,
"USA","TAXPROPERTY","TOT","PC_TOT_TAX","A","1992",12.283,
"USA","TAXPROPERTY","TOT","PC_TOT_TAX","A","1993",11.854,
"USA","TAXPROPERTY","TOT","PC_TOT_TAX","A","1994",11.804,
"USA","TAXPROPERTY","TOT","PC_TOT_TAX","A","1995",11.301,
"USA","TAXPROPERTY","TOT","PC_TOT_TAX","A","1996",11.125,
"USA","TAXPROPERTY","TOT","PC_TOT_TAX","A","1997",10.944,
"USA","TAXPROPERTY","TOT","PC_TOT_TAX","A","1998",10.781,
"USA","TAXPROPERTY","TOT","PC_TOT_TAX","A","1999",10.743,
"USA","TAXPROPERTY","TOT","PC_TOT_TAX","A","2000",10.327,
"USA","TAXPROPERTY","TOT","PC_TOT_TAX","A","2001",10.875,
"USA","TAXPROPERTY","TOT","PC_TOT_TAX","A","2002",12.228,
"USA","TAXPROPERTY","TOT","PC_TOT_TAX","A","2003",12.642,
"USA","TAXPROPERTY","TOT","PC_TOT_TAX","A","2004",12.571,
"USA","TAXPROPERTY","TOT","PC_TOT_TAX","A","2005",12.141,
"USA","TAXPROPERTY","TOT","PC_TOT_TAX","A","2006",11.853,
"USA","TAXPROPERTY","TOT","PC_TOT_TAX","A","2007",11.969,
"USA","TAXPROPERTY","TOT","PC_TOT_TAX","A","2008",12.444,
"USA","TAXPROPERTY","TOT","PC_TOT_TAX","A","2009",14.451,
"USA","TAXPROPERTY","TOT","PC_TOT_TAX","A","2010",13.46,
"USA","TAXPROPERTY","TOT","PC_TOT_TAX","A","2011",12.674,
"USA","TAXPROPERTY","TOT","PC_TOT_TAX","A","2012",12.367,
"USA","TAXPROPERTY","TOT","PC_TOT_TAX","A","2013",11.725,
"USA","TAXPROPERTY","TOT","PC_TOT_TAX","A","2014",11.448,
"USA","TAXPROPERTY","TOT","PC_TOT_TAX","A","2015",11.251,
"USA","TAXPROPERTY","TOT","PC_TOT_TAX","A","2016",11.546,
"USA","TAXPROPERTY","TOT","PC_TOT_TAX","A","2017",16.026,
"USA","TAXPROPERTY","TOT","PC_TOT_TAX","A","2018",12.201,
"CHL","TAXPROPERTY","TOT","PC_TOT_TAX","A","1990",6.151,
"CHL","TAXPROPERTY","TOT","PC_TOT_TAX","A","1991",5.984,
"CHL","TAXPROPERTY","TOT","PC_TOT_TAX","A","1992",6.144,
"CHL","TAXPROPERTY","TOT","PC_TOT_TAX","A","1993",6.765,
"CHL","TAXPROPERTY","TOT","PC_TOT_TAX","A","1994",6.304,
"CHL","TAXPROPERTY","TOT","PC_TOT_TAX","A","1995",6.283,
"CHL","TAXPROPERTY","TOT","PC_TOT_TAX","A","1996",6.425,
"CHL","TAXPROPERTY","TOT","PC_TOT_TAX","A","1997",6.885,
"CHL","TAXPROPERTY","TOT","PC_TOT_TAX","A","1998",6.994,
"CHL","TAXPROPERTY","TOT","PC_TOT_TAX","A","1999",7.792,
"CHL","TAXPROPERTY","TOT","PC_TOT_TAX","A","2000",7.011,
"CHL","TAXPROPERTY","TOT","PC_TOT_TAX","A","2001",7.433,
"CHL","TAXPROPERTY","TOT","PC_TOT_TAX","A","2002",7.637,
"CHL","TAXPROPERTY","TOT","PC_TOT_TAX","A","2003",7.634,
"CHL","TAXPROPERTY","TOT","PC_TOT_TAX","A","2004",6.791,
"CHL","TAXPROPERTY","TOT","PC_TOT_TAX","A","2005",6.321,
"CHL","TAXPROPERTY","TOT","PC_TOT_TAX","A","2006",5.362,
"CHL","TAXPROPERTY","TOT","PC_TOT_TAX","A","2007",4.92,
"CHL","TAXPROPERTY","TOT","PC_TOT_TAX","A","2008",5.5,
"CHL","TAXPROPERTY","TOT","PC_TOT_TAX","A","2009",5.425,
"CHL","TAXPROPERTY","TOT","PC_TOT_TAX","A","2010",4.113,
"CHL","TAXPROPERTY","TOT","PC_TOT_TAX","A","2011",3.989,
"CHL","TAXPROPERTY","TOT","PC_TOT_TAX","A","2012",4.259,
"CHL","TAXPROPERTY","TOT","PC_TOT_TAX","A","2013",4.141,
"CHL","TAXPROPERTY","TOT","PC_TOT_TAX","A","2014",4.217,
"CHL","TAXPROPERTY","TOT","PC_TOT_TAX","A","2015",4.369,
"CHL","TAXPROPERTY","TOT","PC_TOT_TAX","A","2016",5.074,
"CHL","TAXPROPERTY","TOT","PC_TOT_TAX","A","2017",5.382,
"CHL","TAXPROPERTY","TOT","PC_TOT_TAX","A","2018",5.14,
"EST","TAXPROPERTY","TOT","PC_TOT_TAX","A","1995",1.003,
"EST","TAXPROPERTY","TOT","PC_TOT_TAX","A","1996",1.083,
"EST","TAXPROPERTY","TOT","PC_TOT_TAX","A","1997",1.124,
"EST","TAXPROPERTY","TOT","PC_TOT_TAX","A","1998",1.106,
"EST","TAXPROPERTY","TOT","PC_TOT_TAX","A","1999",1.133,
"EST","TAXPROPERTY","TOT","PC_TOT_TAX","A","2000",1.248,
"EST","TAXPROPERTY","TOT","PC_TOT_TAX","A","2001",1.199,
"EST","TAXPROPERTY","TOT","PC_TOT_TAX","A","2002",1.112,
"EST","TAXPROPERTY","TOT","PC_TOT_TAX","A","2003",1.067,
"EST","TAXPROPERTY","TOT","PC_TOT_TAX","A","2004",1.002,
"EST","TAXPROPERTY","TOT","PC_TOT_TAX","A","2005",0.958,
"EST","TAXPROPERTY","TOT","PC_TOT_TAX","A","2006",0.801,
"EST","TAXPROPERTY","TOT","PC_TOT_TAX","A","2007",0.695,
"EST","TAXPROPERTY","TOT","PC_TOT_TAX","A","2008",0.93,
"EST","TAXPROPERTY","TOT","PC_TOT_TAX","A","2009",0.977,
"EST","TAXPROPERTY","TOT","PC_TOT_TAX","A","2010",1.048,
"EST","TAXPROPERTY","TOT","PC_TOT_TAX","A","2011",0.98,
"EST","TAXPROPERTY","TOT","PC_TOT_TAX","A","2012",1.032,
"EST","TAXPROPERTY","TOT","PC_TOT_TAX","A","2013",0.956,
"EST","TAXPROPERTY","TOT","PC_TOT_TAX","A","2014",0.916,
"EST","TAXPROPERTY","TOT","PC_TOT_TAX","A","2015",0.845,
"EST","TAXPROPERTY","TOT","PC_TOT_TAX","A","2016",0.811,
"EST","TAXPROPERTY","TOT","PC_TOT_TAX","A","2017",0.746,
"EST","TAXPROPERTY","TOT","PC_TOT_TAX","A","2018",0.68,
"ISR","TAXPROPERTY","TOT","PC_TOT_TAX","A","1995",9.873,
"ISR","TAXPROPERTY","TOT","PC_TOT_TAX","A","1996",9.72,
"ISR","TAXPROPERTY","TOT","PC_TOT_TAX","A","1997",9.081,
"ISR","TAXPROPERTY","TOT","PC_TOT_TAX","A","1998",9.407,
"ISR","TAXPROPERTY","TOT","PC_TOT_TAX","A","1999",9.378,
"ISR","TAXPROPERTY","TOT","PC_TOT_TAX","A","2000",8.995,
"ISR","TAXPROPERTY","TOT","PC_TOT_TAX","A","2001",8.397,
"ISR","TAXPROPERTY","TOT","PC_TOT_TAX","A","2002",8.468,
"ISR","TAXPROPERTY","TOT","PC_TOT_TAX","A","2003",8.54,
"ISR","TAXPROPERTY","TOT","PC_TOT_TAX","A","2004",9.608,
"ISR","TAXPROPERTY","TOT","PC_TOT_TAX","A","2005",9.853,
"ISR","TAXPROPERTY","TOT","PC_TOT_TAX","A","2006",9.266,
"ISR","TAXPROPERTY","TOT","PC_TOT_TAX","A","2007",9.663,
"ISR","TAXPROPERTY","TOT","PC_TOT_TAX","A","2008",10.047,
"ISR","TAXPROPERTY","TOT","PC_TOT_TAX","A","2009",10.345,
"ISR","TAXPROPERTY","TOT","PC_TOT_TAX","A","2010",10.731,
"ISR","TAXPROPERTY","TOT","PC_TOT_TAX","A","2011",10.737,
"ISR","TAXPROPERTY","TOT","PC_TOT_TAX","A","2012",10.057,
"ISR","TAXPROPERTY","TOT","PC_TOT_TAX","A","2013",10.045,
"ISR","TAXPROPERTY","TOT","PC_TOT_TAX","A","2014",10.025,
"ISR","TAXPROPERTY","TOT","PC_TOT_TAX","A","2015",10.653,
"ISR","TAXPROPERTY","TOT","PC_TOT_TAX","A","2016",10.275,
"ISR","TAXPROPERTY","TOT","PC_TOT_TAX","A","2017",9.984,
"ISR","TAXPROPERTY","TOT","PC_TOT_TAX","A","2018",10.263,
"SVN","TAXPROPERTY","TOT","PC_TOT_TAX","A","1995",1.424,
"SVN","TAXPROPERTY","TOT","PC_TOT_TAX","A","1996",1.42,
"SVN","TAXPROPERTY","TOT","PC_TOT_TAX","A","1997",1.727,
"SVN","TAXPROPERTY","TOT","PC_TOT_TAX","A","1998",2.204,
"SVN","TAXPROPERTY","TOT","PC_TOT_TAX","A","1999",1.99,
"SVN","TAXPROPERTY","TOT","PC_TOT_TAX","A","2000",1.739,
"SVN","TAXPROPERTY","TOT","PC_TOT_TAX","A","2001",1.859,
"SVN","TAXPROPERTY","TOT","PC_TOT_TAX","A","2002",1.727,
"SVN","TAXPROPERTY","TOT","PC_TOT_TAX","A","2003",1.498,
"SVN","TAXPROPERTY","TOT","PC_TOT_TAX","A","2004",1.588,
"SVN","TAXPROPERTY","TOT","PC_TOT_TAX","A","2005",1.533,
"SVN","TAXPROPERTY","TOT","PC_TOT_TAX","A","2006",1.589,
"SVN","TAXPROPERTY","TOT","PC_TOT_TAX","A","2007",1.582,
"SVN","TAXPROPERTY","TOT","PC_TOT_TAX","A","2008",1.548,
"SVN","TAXPROPERTY","TOT","PC_TOT_TAX","A","2009",1.6,
"SVN","TAXPROPERTY","TOT","PC_TOT_TAX","A","2010",1.657,
"SVN","TAXPROPERTY","TOT","PC_TOT_TAX","A","2011",1.631,
"SVN","TAXPROPERTY","TOT","PC_TOT_TAX","A","2012",1.707,
"SVN","TAXPROPERTY","TOT","PC_TOT_TAX","A","2013",1.757,
"SVN","TAXPROPERTY","TOT","PC_TOT_TAX","A","2014",1.711,
"SVN","TAXPROPERTY","TOT","PC_TOT_TAX","A","2015",1.705,
"SVN","TAXPROPERTY","TOT","PC_TOT_TAX","A","2016",1.727,
"SVN","TAXPROPERTY","TOT","PC_TOT_TAX","A","2017",1.773,
"SVN","TAXPROPERTY","TOT","PC_TOT_TAX","A","2018",1.652,
"OAVG","TAXPROPERTY","TOT","PC_TOT_TAX","A","1965",7.865,
"OAVG","TAXPROPERTY","TOT","PC_TOT_TAX","A","1966",7.861,
"OAVG","TAXPROPERTY","TOT","PC_TOT_TAX","A","1967",7.645,
"OAVG","TAXPROPERTY","TOT","PC_TOT_TAX","A","1968",7.622,
"OAVG","TAXPROPERTY","TOT","PC_TOT_TAX","A","1969",7.348,
"OAVG","TAXPROPERTY","TOT","PC_TOT_TAX","A","1970",7.587,
"OAVG","TAXPROPERTY","TOT","PC_TOT_TAX","A","1971",7.146,
"OAVG","TAXPROPERTY","TOT","PC_TOT_TAX","A","1972",7.369,
"OAVG","TAXPROPERTY","TOT","PC_TOT_TAX","A","1973",7.033,
"OAVG","TAXPROPERTY","TOT","PC_TOT_TAX","A","1974",6.467,
"OAVG","TAXPROPERTY","TOT","PC_TOT_TAX","A","1975",6.351,
"OAVG","TAXPROPERTY","TOT","PC_TOT_TAX","A","1976",6.263,
"OAVG","TAXPROPERTY","TOT","PC_TOT_TAX","A","1977",6.214,
"OAVG","TAXPROPERTY","TOT","PC_TOT_TAX","A","1978",6.017,
"OAVG","TAXPROPERTY","TOT","PC_TOT_TAX","A","1979",5.7,
"OAVG","TAXPROPERTY","TOT","PC_TOT_TAX","A","1980",5.344,
"OAVG","TAXPROPERTY","TOT","PC_TOT_TAX","A","1981",5.331,
"OAVG","TAXPROPERTY","TOT","PC_TOT_TAX","A","1982",5.322,
"OAVG","TAXPROPERTY","TOT","PC_TOT_TAX","A","1983",5.48,
"OAVG","TAXPROPERTY","TOT","PC_TOT_TAX","A","1984",5.34,
"OAVG","TAXPROPERTY","TOT","PC_TOT_TAX","A","1985",5.355,
"OAVG","TAXPROPERTY","TOT","PC_TOT_TAX","A","1986",5.456,
"OAVG","TAXPROPERTY","TOT","PC_TOT_TAX","A","1987",5.7,
"OAVG","TAXPROPERTY","TOT","PC_TOT_TAX","A","1988",5.714,
"OAVG","TAXPROPERTY","TOT","PC_TOT_TAX","A","1989",5.789,
"OAVG","TAXPROPERTY","TOT","PC_TOT_TAX","A","1990",5.769,
"OAVG","TAXPROPERTY","TOT","PC_TOT_TAX","A","1991",5.512,
"OAVG","TAXPROPERTY","TOT","PC_TOT_TAX","A","1992",5.64,
"OAVG","TAXPROPERTY","TOT","PC_TOT_TAX","A","1993",5.681,
"OAVG","TAXPROPERTY","TOT","PC_TOT_TAX","A","1994",5.845,
"OAVG","TAXPROPERTY","TOT","PC_TOT_TAX","A","1995",5.226,
"OAVG","TAXPROPERTY","TOT","PC_TOT_TAX","A","1996",5.232,
"OAVG","TAXPROPERTY","TOT","PC_TOT_TAX","A","1997",5.292,
"OAVG","TAXPROPERTY","TOT","PC_TOT_TAX","A","1998",5.327,
"OAVG","TAXPROPERTY","TOT","PC_TOT_TAX","A","1999",5.498,
"OAVG","TAXPROPERTY","TOT","PC_TOT_TAX","A","2000",5.426,
"OAVG","TAXPROPERTY","TOT","PC_TOT_TAX","A","2001",5.376,
"OAVG","TAXPROPERTY","TOT","PC_TOT_TAX","A","2002",5.426,
"OAVG","TAXPROPERTY","TOT","PC_TOT_TAX","A","2003",5.505,
"OAVG","TAXPROPERTY","TOT","PC_TOT_TAX","A","2004",5.486,
"OAVG","TAXPROPERTY","TOT","PC_TOT_TAX","A","2005",5.527,
"OAVG","TAXPROPERTY","TOT","PC_TOT_TAX","A","2006",5.564,
"OAVG","TAXPROPERTY","TOT","PC_TOT_TAX","A","2007",5.5,
"OAVG","TAXPROPERTY","TOT","PC_TOT_TAX","A","2008",5.308,
"OAVG","TAXPROPERTY","TOT","PC_TOT_TAX","A","2009",5.48,
"OAVG","TAXPROPERTY","TOT","PC_TOT_TAX","A","2010",5.433,
"OAVG","TAXPROPERTY","TOT","PC_TOT_TAX","A","2011",5.417,
"OAVG","TAXPROPERTY","TOT","PC_TOT_TAX","A","2012",5.414,
"OAVG","TAXPROPERTY","TOT","PC_TOT_TAX","A","2013",5.549,
"OAVG","TAXPROPERTY","TOT","PC_TOT_TAX","A","2014",5.63,
"OAVG","TAXPROPERTY","TOT","PC_TOT_TAX","A","2015",5.674,
"OAVG","TAXPROPERTY","TOT","PC_TOT_TAX","A","2016",6.47,
"OAVG","TAXPROPERTY","TOT","PC_TOT_TAX","A","2017",5.755,
"OAVG","TAXPROPERTY","TOT","PC_TOT_TAX","A","2018",5.481,
"LVA","TAXPROPERTY","TOT","PC_TOT_TAX","A","1995",3.379,
"LVA","TAXPROPERTY","TOT","PC_TOT_TAX","A","1996",3.668,
"LVA","TAXPROPERTY","TOT","PC_TOT_TAX","A","1997",3.751,
"LVA","TAXPROPERTY","TOT","PC_TOT_TAX","A","1998",4.076,
"LVA","TAXPROPERTY","TOT","PC_TOT_TAX","A","1999",3.306,
"LVA","TAXPROPERTY","TOT","PC_TOT_TAX","A","2000",3.786,
"LVA","TAXPROPERTY","TOT","PC_TOT_TAX","A","2001",3.775,
"LVA","TAXPROPERTY","TOT","PC_TOT_TAX","A","2002",3.544,
"LVA","TAXPROPERTY","TOT","PC_TOT_TAX","A","2003",3.736,
"LVA","TAXPROPERTY","TOT","PC_TOT_TAX","A","2004",3.708,
"LVA","TAXPROPERTY","TOT","PC_TOT_TAX","A","2005",3.562,
"LVA","TAXPROPERTY","TOT","PC_TOT_TAX","A","2006",3.454,
"LVA","TAXPROPERTY","TOT","PC_TOT_TAX","A","2007",3.049,
"LVA","TAXPROPERTY","TOT","PC_TOT_TAX","A","2008",2.267,
"LVA","TAXPROPERTY","TOT","PC_TOT_TAX","A","2009",2.502,
"LVA","TAXPROPERTY","TOT","PC_TOT_TAX","A","2010",3.043,
"LVA","TAXPROPERTY","TOT","PC_TOT_TAX","A","2011",3.428,
"LVA","TAXPROPERTY","TOT","PC_TOT_TAX","A","2012",3.31,
"LVA","TAXPROPERTY","TOT","PC_TOT_TAX","A","2013",3.298,
"LVA","TAXPROPERTY","TOT","PC_TOT_TAX","A","2014",3.505,
"LVA","TAXPROPERTY","TOT","PC_TOT_TAX","A","2015",3.351,
"LVA","TAXPROPERTY","TOT","PC_TOT_TAX","A","2016",3.436,
"LVA","TAXPROPERTY","TOT","PC_TOT_TAX","A","2017",3.309,
"LVA","TAXPROPERTY","TOT","PC_TOT_TAX","A","2018",3.034,
"LTU","TAXPROPERTY","TOT","PC_TOT_TAX","A","1995",1.164,
"LTU","TAXPROPERTY","TOT","PC_TOT_TAX","A","1996",1.33,
"LTU","TAXPROPERTY","TOT","PC_TOT_TAX","A","1997",1.296,
"LTU","TAXPROPERTY","TOT","PC_TOT_TAX","A","1998",1.256,
"LTU","TAXPROPERTY","TOT","PC_TOT_TAX","A","1999",1.377,
"LTU","TAXPROPERTY","TOT","PC_TOT_TAX","A","2000",1.482,
"LTU","TAXPROPERTY","TOT","PC_TOT_TAX","A","2001",1.632,
"LTU","TAXPROPERTY","TOT","PC_TOT_TAX","A","2002",1.658,
"LTU","TAXPROPERTY","TOT","PC_TOT_TAX","A","2003",1.497,
"LTU","TAXPROPERTY","TOT","PC_TOT_TAX","A","2004",1.354,
"LTU","TAXPROPERTY","TOT","PC_TOT_TAX","A","2005",1.174,
"LTU","TAXPROPERTY","TOT","PC_TOT_TAX","A","2006",1.09,
"LTU","TAXPROPERTY","TOT","PC_TOT_TAX","A","2007",0.956,
"LTU","TAXPROPERTY","TOT","PC_TOT_TAX","A","2008",0.89,
"LTU","TAXPROPERTY","TOT","PC_TOT_TAX","A","2009",1.156,
"LTU","TAXPROPERTY","TOT","PC_TOT_TAX","A","2010",1.29,
"LTU","TAXPROPERTY","TOT","PC_TOT_TAX","A","2011",1.137,
"LTU","TAXPROPERTY","TOT","PC_TOT_TAX","A","2012",1.054,
"LTU","TAXPROPERTY","TOT","PC_TOT_TAX","A","2013",1.026,
"LTU","TAXPROPERTY","TOT","PC_TOT_TAX","A","2014",1.076,
"LTU","TAXPROPERTY","TOT","PC_TOT_TAX","A","2015",1.167,
"LTU","TAXPROPERTY","TOT","PC_TOT_TAX","A","2016",1.103,
"LTU","TAXPROPERTY","TOT","PC_TOT_TAX","A","2017",1.035,
"LTU","TAXPROPERTY","TOT","PC_TOT_TAX","A","2018",1.002,
